feature,importance
h12_freq_late_mean,9743.567074982677
h12_freq_last,64.19065270405359
h12_freq_min,38.02217246356698
h12_freq_first,3.1193420809393926
emb_129,3.1170129011144443
h12_freq_sum,2.245521607120526
h12_freq_median,1.0293465047778354
h12_freq_early_mean,0.8217240504164183
emb_043,0.7626895566261886
emb_006,0.5871979892253955
h12_peak_sharpness,0.4014587862529879
emb_079,0.3692277768597227
emb_198,0.3690256971538213
h12_freq_cv,0.3574421181908944
emb_154,0.3557309955358528
emb_175,0.34542812945294504
adjective_ratio,0.2932685860817619
h12_freq_late_to_early_ratio,0.27282864863844647
h12_freq_max,0.2706013973014935
emb_370,0.25472443263060995
emb_078,0.21498001939276373
emb_122,0.1997745039050154
emb_076,0.19849300384521884
emb_172,0.19527276212149047
emb_108,0.1887120008468628
emb_311,0.1878270060849501
h12_freq_gini,0.17839631318956872
emb_170,0.17185631513711996
emb_359,0.1707086462607692
emb_280,0.16843238384172193
emb_213,0.16633200657483388
emb_051,0.16216789931058884
emb_253,0.1615018073352985
emb_130,0.10781200230121613
emb_041,0.08975539738870837
emb_135,0.08191280066967012
emb_367,0.08175641422478275
emb_047,0.07598260045051797
pronunciation_simplicity_score,0.07231760025024414
h12_freq_last_to_max_ratio,0.07152540942138202
emb_324,0.0698039012039657
emb_264,0.0689720332302393
emb_295,0.038378501189959974
emb_214,0.03661419967615939
emb_309,0.035815103678408705
emb_033,0.034605298191398876
emb_332,0.034503698731523515
emb_285,0.027048299089074135
emb_025,0.018989799544215872
h12_post_peak_log_slope,0.017877932999841473
emb_099,0.002815925631911285
h12_freq_log_slope,0.002562680050525006
emb_056,0.00184445202467043
emb_123,0.0015477371743842193
emb_319,0.001274954562135111
h12_freq_first_to_last_diff,0.001237485485729071
hangul_ratio,0.0009639739873819053
emb_073,0.0008448070151621043
emb_352,0.0006967145241674189
emb_190,0.0006715480121807227
emb_110,0.0005942260031703839
emb_065,0.0005451918641483644
emb_117,0.0004887999972352963
emb_340,0.0004743570369330624
emb_341,0.00046444504828520474
emb_147,0.00041213610753489376
emb_275,0.0003817609976983771
h12_freq_autocorr_lag1,0.0003186109389126789
emb_166,0.0002567800641752969
emb_037,0.00021621299675445016
emb_366,0.00018647899895872868
emb_193,0.00018529700173708363
emb_029,0.00017590777826831586
emb_194,0.0001419056954290454
emb_092,0.00013915915177718525
emb_204,0.00011256777969361095
emb_197,0.00011142539733555168
emb_294,0.00010864999785579338
emb_342,8.8557999333716e-05
emb_146,8.578846782399119e-05
emb_032,8.370380251689762e-05
emb_206,8.344739762853638e-05
emb_138,7.469730190928172e-05
emb_067,6.992499933519952e-05
emb_111,5.561914557006796e-05
emb_383,4.6873616652121086e-05
emb_191,4.6126700908644125e-05
emb_297,3.5897788102090544e-05
emb_189,3.387828527021304e-05
emb_263,3.373881163204451e-05
h12_post_peak_decay_rate,3.163580163184733e-05
h12_freq_std,3.1632644193467285e-05
emb_018,2.8638897193177603e-05
emb_269,2.6532799893730363e-05
emb_066,2.58884263928807e-05
emb_353,2.5548299287740685e-05
emb_084,2.441891391808033e-05
emb_320,2.3959100872161798e-05
emb_308,2.2072799765737727e-05
emb_317,2.152449997086872e-05
emb_010,2.036779915215621e-05
emb_112,1.972111022304499e-05
emb_219,1.771772986308706e-05
emb_363,1.621679984978308e-05
emb_381,1.584689601935585e-05
emb_196,1.4729738325058861e-05
emb_167,1.4199599718267564e-05
emb_185,1.4145400202725259e-05
h12_freq_slope,1.3755739269278887e-05
emb_061,1.3737509745870291e-05
emb_325,1.3127170177540393e-05
emb_062,1.2851000064983964e-05
emb_075,1.1951099622820038e-05
emb_069,1.1901288003240973e-05
emb_290,1.0643659265951981e-05
emb_276,9.956058203988325e-06
emb_090,9.368500287848521e-06
emb_150,9.20278034794754e-06
emb_326,7.130886015484228e-06
emb_301,5.698342553003051e-06
emb_250,5.501432569850352e-06
emb_057,4.582399924455902e-06
emb_026,4.253911046429339e-06
emb_089,3.320800033459852e-06
h12_freq_first_to_last_ratio,3.3034831672671197e-06
emb_288,3.17145163311616e-06
emb_382,3.093859959932277e-06
h12_post_peak_slope,1.9739933102787024e-06
emb_049,1.972935927179493e-06
emb_262,1.4373259717133462e-06
emb_267,1.209221405173986e-06
h12_freq_entropy,1.0623476997053966e-06
emb_281,5.693271485964825e-07
emb_200,5.656721933318723e-07
emb_053,5.214439939907338e-07
emb_339,4.846904490154903e-07
emb_210,4.780913860596808e-07
emb_153,2.2585041257582733e-07
hangul_char_count,2.2388600484646304e-07
emb_044,2.2160099896750826e-07
emb_125,2.1477715694828703e-07
emb_081,1.5384410056995937e-07
emb_139,1.3631290586568756e-07
h12_freq_burstiness,1.3003686927248737e-07
emb_161,1.1489200346659345e-07
emb_095,9.75225020738435e-08
emb_258,8.151030073122456e-08
emb_107,5.504088063101875e-08
emb_236,4.8594103962962265e-08
emb_176,4.756629934377088e-08
emb_300,4.674433928800422e-08
emb_211,4.286810018072629e-08
emb_293,4.2633200081354516e-08
emb_230,4.2563902181904506e-08
emb_180,4.0136436799497726e-08
emb_063,3.6655187525782914e-08
emb_035,3.5021992875190246e-08
emb_358,3.128188647005814e-08
emb_158,2.8298242357868483e-08
char_len,2.219682038173687e-08
emb_228,2.1889899670668456e-08
emb_000,2.1285928865850598e-08
morph_count,2.0154240054637285e-08
emb_286,1.99160925399079e-08
emb_016,1.8209102457639183e-08
emb_128,1.621990009101001e-08
emb_119,1.5753499661014238e-08
emb_013,1.545610756049786e-08
emb_261,1.3691422061194566e-08
emb_179,8.243939794705427e-09
emb_271,8.119810046436512e-09
emb_120,7.439671182060024e-09
emb_244,6.7366522629385956e-09
emb_283,6.349168420183293e-09
avg_syllable_per_token,6.113449968481177e-09
h12_peak_count,5.665440117041953e-09
emb_260,3.940605008967424e-09
emb_365,3.87681105837786e-09
emb_159,3.4742142901698276e-09
emb_188,3.1766499430929684e-09
emb_232,3.1042683978801135e-09
emb_284,2.889760680746163e-09
emb_266,2.5222522959127752e-09
adjective_count,2.2738969283897514e-09
emb_174,1.868000166442332e-09
emb_344,1.73405215967128e-09
emb_316,1.4328700448373866e-09
emb_116,1.4318456420527237e-09
emb_152,1.3830899758815463e-09
emb_241,1.128642651556227e-09
emb_143,1.0071836229613726e-09
emb_256,7.576236834052085e-10
emb_330,5.1945527046735e-10
emb_318,4.286862670404336e-10
emb_005,3.923709335428434e-10
emb_126,3.7586657367799127e-10
emb_133,2.403960086549972e-10
noun_count,2.397185019931136e-10
emb_371,1.8599780049477488e-10
emb_085,1.2729607689121602e-10
emb_223,1.0830917239020935e-10
emb_162,1.050204870509386e-10
emb_374,8.719119870548298e-11
emb_360,8.195684235437996e-11
emb_221,7.769727613263009e-11
emb_337,7.356398031965056e-11
emb_038,6.982736437952614e-11
eomi_ratio,5.521200163727258e-11
emb_109,3.6833034885358083e-11
emb_034,3.393072282260289e-11
emb_114,3.144144168148598e-11
emb_030,3.0323945068713946e-11
emb_243,2.7312530492470954e-11
emb_289,2.404922919255035e-11
emb_335,2.3006004581397594e-11
emb_165,2.2825149634405316e-11
emb_331,2.100489920886517e-11
emb_306,1.8829159585675992e-11
emb_239,1.772051139905091e-11
emb_039,1.6967649551892967e-11
emb_048,1.6282159648328687e-11
emb_268,1.6205299255278582e-11
emb_071,1.5270484962700647e-11
emb_361,1.5225812343360806e-11
emb_375,1.1331118987484842e-11
adverb_ratio,8.817889994572337e-12
emb_004,7.61795085941676e-12
noun_ratio,7.2206698085997e-12
emb_355,6.15702264513528e-12
emb_115,5.7396296425233815e-12
emb_022,4.8597302355581964e-12
emb_314,3.6154942971792976e-12
emb_350,3.0575069385992384e-12
emb_137,3.003259967151143e-12
emb_291,2.4762545530165583e-12
emb_302,1.4821199822989684e-12
emb_102,1.3464979954170398e-12
emb_142,5.618048873639767e-13
emb_011,5.474303765622805e-13
emb_322,3.4899898726167833e-13
h12_peak_month,2.817750102256794e-13
emb_328,2.717270582513621e-13
emb_164,2.5424104593115323e-13
emb_233,2.4066818916378715e-13
emb_015,1.942890333328089e-13
emb_378,1.9237400301214125e-13
emb_347,1.9181146505905428e-13
emb_155,6.285859203191133e-14
emb_083,5.112577218981259e-14
emb_001,4.3028558249148365e-14
emb_012,4.280953064886772e-14
emb_229,3.9967998393319534e-14
emb_017,3.730480144369088e-14
emb_093,3.348795659710559e-14
emb_103,3.1853847476163214e-14
emb_124,2.556804484277884e-14
emb_173,2.3758770503516863e-14
emb_144,1.6875400138697746e-14
emb_074,1.6597833132885127e-14
emb_148,1.5987199696140993e-14
emb_168,1.4956345802725712e-14
emb_002,1.48787285215596e-14
emb_254,1.1326034982125474e-14
emb_255,9.815499743220479e-15
emb_296,9.325870018719526e-15
emb_100,8.881779961836516e-15
emb_192,8.548719830712547e-15
emb_156,7.327473815410605e-15
emb_055,7.110634068714184e-15
emb_184,5.773160151567288e-15
emb_169,4.451298281242269e-15
emb_003,4.440888075094127e-15
emb_087,4.257013934602314e-15
emb_046,3.996810088430615e-15
emb_305,3.996799924035248e-15
emb_343,3.552710078910475e-15
no_final_consonant_ratio,3.552710078910475e-15
emb_245,2.775560102661733e-15
emb_346,2.670611952873317e-15
emb_354,2.6645399177815856e-15
emb_186,2.663238081081215e-15
emb_140,2.565655050686839e-15
emb_058,2.35922160791402e-15
emb_020,2.22044292581632e-15
emb_097,2.1233057813408767e-15
emb_327,2.1094219600776743e-15
emb_098,2.0955444634374355e-15
emb_121,2.0031700280600867e-15
emb_181,1.8548529708090826e-15
emb_054,1.8405419405379986e-15
emb_251,1.7763589569826186e-15
emb_349,1.6653319428993338e-15
emb_368,1.5595161397917633e-15
emb_031,1.387781156444165e-15
emb_242,1.3322699588907928e-15
emb_009,1.3322699588907928e-15
emb_151,1.2767569812447425e-15
emb_205,1.1995600130885412e-15
emb_080,1.110222998155377e-15
emb_183,1.1102199541307227e-15
emb_348,1.1102199541307227e-15
emb_202,1.0694569700001424e-15
emb_027,1.0685899788390684e-15
emb_088,8.56953311105759e-16
emb_072,8.326670037710714e-16
emb_212,7.771560113584912e-16
emb_145,7.749879775904346e-16
emb_379,7.663139896336361e-16
emb_096,7.446299991234852e-16
emb_021,6.661339735937715e-16
emb_376,6.630979957525753e-16
emb_303,6.565929944758991e-16
emb_163,6.370769847942456e-16
emb_246,6.106229811811913e-16
emb_234,5.551119887686111e-16
emb_224,5.434021751718491e-16
emb_008,5.412333903237963e-16
emb_265,3.764347260736535e-16
emb_274,3.3306698679688577e-16
emb_042,3.3306698679688577e-16
emb_237,3.3306698679688577e-16
emb_257,2.983719878817576e-16
emb_248,2.714840122321335e-16
emb_278,2.636779948182543e-16
emb_023,2.49799995252203e-16
emb_222,2.3592190304192313e-16
emb_209,2.2204500197172533e-16
emb_178,2.2204500197172533e-16
emb_270,1.4831881500980577e-16
emb_298,1.457169969751784e-16
emb_134,1.3877799719215278e-16
emb_101,1.1102199806005023e-16
emb_235,6.938889933440288e-17
emb_307,5.551119755337213e-17
emb_247,5.551119755337213e-17
emb_351,5.551119755337213e-17
emb_040,5.551119755337213e-17
emb_105,4.336810013430998e-17
emb_136,4.0765998376732517e-17
emb_373,2.4286171573669576e-17
emb_312,2.3418759481061383e-17
emb_068,1.214309990060399e-17
emb_195,1.0408300324010827e-17
emb_118,1.0408300324010827e-17
emb_059,6.938890181594472e-18
emb_113,5.204170014340115e-18
emb_045,4.336811895266891e-18
emb_091,3.469449847085758e-18
emb_052,2.602089970253733e-18
emb_036,2.602089970253733e-18
emb_217,1.301040022043191e-18
emb_132,8.673620481811333e-19
emb_014,4.336810240905666e-19
max_same_syllable_repeat_len,0.0
h12_freq_mean,0.0
h12_peak_value,0.0
h12_time_to_peak,0.0
h12_longest_active_streak,0.0
same_syllable_repeat_count,0.0
emb_240,0.0
emb_238,0.0
emb_323,0.0
emb_231,0.0
emb_321,0.0
emb_310,0.0
emb_313,0.0
emb_315,0.0
emb_104,0.0
emb_106,0.0
emb_292,0.0
emb_299,0.0
emb_252,0.0
emb_304,0.0
emb_259,0.0
emb_141,0.0
emb_028,0.0
rhythm_score,0.0
final_consonant_ratio,0.0
vowel_repeat_score,0.0
initial_consonant_repeat_score,0.0
h12_zero_month_count,0.0
h12_nonzero_month_count,0.0
h12_active_month_count,0.0
emb_273,0.0
emb_272,0.0
emb_131,0.0
emb_127,0.0
emb_277,0.0
emb_279,0.0
emb_282,0.0
emb_287,0.0
emb_019,0.0
emb_070,0.0
emb_338,0.0
emb_345,0.0
emb_207,0.0
emb_225,0.0
emb_226,0.0
emb_227,0.0
emb_208,0.0
emb_336,0.0
emb_249,0.0
emb_364,0.0
emb_369,0.0
emb_077,0.0
emb_082,0.0
emb_356,0.0
emb_218,0.0
emb_216,0.0
emb_215,0.0
emb_160,0.0
emb_357,0.0
emb_362,0.0
emb_187,0.0
emb_220,0.0
emb_064,0.0
emb_086,0.0
emb_203,0.0
emb_334,0.0
emb_329,0.0
emb_201,0.0
emb_333,0.0
emb_094,0.0
avg_token_len,0.0
token_count_space,0.0
emb_380,0.0
emb_377,0.0
emb_372,0.0
emb_199,0.0
emb_060,0.0
english_char_count,0.0
has_digit,0.0
digit_char_count,0.0
special_char_count,0.0
english_ratio,0.0
digit_ratio,0.0
special_ratio,0.0
has_hangul,0.0
has_english,0.0
has_laughter_kk,0.0
has_laughter_hh,0.0
count_kk,0.0
count_hh,0.0
has_repeated_char,0.0
max_repeated_char_len,0.0
repeated_char_count,0.0
unique_morph_count,0.0
pos_type_count,0.0
is_kor_eng_mixed,0.0
has_question_mark,0.0
has_exclamation_mark,0.0
has_tilde,0.0
has_ellipsis,0.0
has_chosung,0.0
chosung_count,0.0
josa_ratio,0.0
josa_count,0.0
interjection_ratio,0.0
interjection_count,0.0
adverb_count,0.0
verb_ratio,0.0
verb_count,0.0
eomi_count,0.0
h12_revival_count,0.0
h12_late_activity_ratio,0.0
h12_retention_ratio,0.0
h12_current_active_streak,0.0
is_sentence_like,0.0
h12_has_revival,0.0
is_phrase_like,0.0
is_word_like,0.0
emb_024,0.0
emb_050,0.0
emb_157,0.0
emb_149,0.0
emb_171,0.0
emb_177,0.0
emb_182,0.0
is_question_like,0.0
is_exclamation_like,0.0
is_command_like,0.0
has_abbreviation_pattern,0.0
has_initialism_pattern,0.0
has_meme_template_pattern,0.0
has_quote_like_pattern,0.0
syllable_count,0.0
emb_007,0.0
