feature,shap_importance
h12_freq_late_mean,8.198580711717844
h12_freq_min,1.6203997495043139
h12_freq_last,1.0990214343806306
emb_129,0.057054419349325716
h12_freq_sum,0.04817675730871592
hangul_ratio,0.04802747660774108
emb_175,0.02292706699914374
h12_freq_first,0.02140276036461436
emb_117,0.01674275320266905
emb_352,0.01665003468158782
emb_319,0.01592649354561742
h12_freq_median,0.012131386000077597
emb_043,0.011878813262396067
h12_peak_sharpness,0.010741641724654626
emb_253,0.009636723305923628
h12_freq_early_mean,0.009088623871013961
emb_079,0.008106329117758498
emb_146,0.007161154155286974
emb_367,0.0070507609546399536
h12_freq_cv,0.006649596282544994
emb_198,0.005171040498952514
h12_freq_autocorr_lag1,0.004706012613940024
emb_275,0.004633422063313025
emb_056,0.004598287652291804
h12_freq_gini,0.004428777822104944
emb_340,0.004395533006804961
emb_110,0.004365802936950236
emb_006,0.00428037426811032
emb_213,0.00417721943296002
emb_190,0.0037635067781643067
h12_post_peak_log_slope,0.0031205515568077237
emb_032,0.0027096513855209845
emb_154,0.00270876394957408
emb_037,0.0026163847724822325
emb_295,0.00258601265459431
emb_073,0.0024642800426785062
emb_033,0.0023850348207582078
emb_309,0.0022526986636241665
emb_076,0.0020356531077399052
emb_332,0.0020338325221872324
h12_freq_max,0.0020062605935315943
emb_214,0.0019325129773533
emb_025,0.001782552590266826
emb_285,0.0017610881101493734
h12_freq_late_to_early_ratio,0.001754806381561555
adjective_ratio,0.0015449958231514337
emb_078,0.0013785736366468803
emb_172,0.0012966795277598033
emb_108,0.0011486713333737112
emb_370,0.001058347546526637
emb_280,0.000977155875676727
emb_311,0.0009155379758908011
emb_051,0.00081753448869735
emb_122,0.0008105899245457012
emb_123,0.000734247517626398
emb_359,0.0007153086222755347
h12_freq_log_slope,0.0005949724105715357
emb_170,0.0005351031783847245
emb_130,0.0005104748919174042
h12_freq_first_to_last_diff,0.000497358883121383
h12_freq_last_to_max_ratio,0.00047101035721173524
emb_099,0.00045502559582384357
emb_135,0.00038860582768103724
pronunciation_simplicity_score,0.0003530686593529753
h12_freq_std,0.000343012813513705
emb_047,0.00034216007432576233
emb_324,0.00027360527202718263
emb_041,0.0002576272406373121
emb_264,0.0002556221627379466
h12_freq_slope,0.00013465593234813792
emb_065,0.00012389898329956788
emb_147,9.63678078092411e-05
h12_post_peak_decay_rate,6.938425561283602e-05
emb_029,6.937797936590907e-05
emb_341,6.146181981918345e-05
emb_092,4.769904706008732e-05
emb_166,4.700754776021069e-05
h12_freq_entropy,3.4399076785666245e-05
h12_freq_first_to_last_ratio,3.43661468484096e-05
emb_194,3.052092015393352e-05
emb_366,3.007639476242032e-05
emb_297,2.9741508576362026e-05
emb_204,2.4276755933536697e-05
emb_308,2.3609648096048064e-05
emb_250,2.3103832413619156e-05
emb_325,2.102482027295728e-05
emb_382,2.0505375912789894e-05
emb_363,2.043215114024052e-05
h12_post_peak_slope,1.7786321617920388e-05
emb_317,1.7357990514517968e-05
emb_193,1.3997109358849465e-05
emb_342,1.2523813791305377e-05
emb_111,1.2283225283598862e-05
emb_288,1.1272841161862759e-05
emb_049,1.0748643008591064e-05
emb_026,1.0472568698216996e-05
emb_197,1.0280752676169888e-05
emb_381,1.0194155571993468e-05
emb_262,9.667265562397113e-06
emb_206,9.14459941082381e-06
emb_294,8.508077639889132e-06
emb_383,8.490123080752828e-06
emb_267,8.101987191832082e-06
emb_067,7.7761334008056e-06
emb_339,7.650771754021723e-06
emb_263,7.204120232016368e-06
emb_189,7.101148202589037e-06
emb_138,7.0293654329581755e-06
emb_191,6.713236277842694e-06
h12_freq_burstiness,6.441005222487065e-06
emb_276,6.202541559786017e-06
emb_196,5.7335993597306484e-06
emb_219,5.576480609618802e-06
emb_069,5.568227556033248e-06
emb_084,5.498733092175326e-06
emb_112,4.906273015151529e-06
emb_200,4.257486253626512e-06
emb_010,4.238812984558119e-06
emb_066,4.149198984561298e-06
emb_353,4.085858574850155e-06
emb_018,4.081163923325002e-06
emb_107,4.0586632976580725e-06
emb_301,4.055731688331861e-06
emb_269,4.044864468153393e-06
emb_167,3.854864147786702e-06
emb_320,3.7453316191538517e-06
emb_062,3.623929887498148e-06
emb_290,3.515332316750571e-06
emb_053,3.4835873112551537e-06
emb_185,3.219124347366852e-06
emb_061,3.199177933443149e-06
emb_150,2.9207578677229212e-06
emb_081,2.8903308234489234e-06
emb_057,2.82563218397256e-06
emb_326,2.8007614583123786e-06
emb_210,2.7397468044635093e-06
emb_075,2.5316014650244544e-06
emb_125,2.493833000136185e-06
emb_159,2.434277255140255e-06
emb_044,2.3254561587592935e-06
emb_281,2.1122486865196328e-06
hangul_char_count,1.932460076585128e-06
emb_090,1.8473870500971506e-06
emb_358,1.836010306626747e-06
emb_139,1.8350757201001344e-06
emb_365,1.7786484849949108e-06
emb_089,1.694513276918769e-06
emb_161,1.4679287108868712e-06
emb_153,1.328844399072614e-06
char_len,1.223804824853769e-06
emb_300,1.1542572570495819e-06
emb_035,1.1370274768596559e-06
emb_335,1.1284678273561369e-06
emb_230,1.059889871697091e-06
emb_005,1.0470856992395003e-06
emb_188,1.0412230703641233e-06
morph_count,1.0401709118843262e-06
emb_143,1.03908278860447e-06
emb_039,1.0245317722605742e-06
emb_232,9.838049073981998e-07
emb_180,9.620968803812554e-07
emb_095,9.596055148720676e-07
adjective_count,9.595020303669752e-07
emb_260,8.985772757912053e-07
emb_115,8.914072908354601e-07
emb_283,8.810715483836915e-07
emb_344,8.566498358151044e-07
emb_063,8.548237652981339e-07
emb_258,8.390939963395227e-07
emb_119,8.268599949419362e-07
emb_293,7.90100132258229e-07
emb_176,7.896028992431725e-07
emb_236,7.190929033006614e-07
emb_179,6.617669722047567e-07
emb_211,6.536951751443386e-07
emb_016,6.489460137586211e-07
emb_158,6.253858354675487e-07
emb_330,6.060556845145265e-07
emb_256,5.945976716353056e-07
avg_syllable_per_token,5.901809677813572e-07
emb_228,5.298107443461319e-07
emb_261,4.5492087392304054e-07
emb_128,4.429765373064065e-07
emb_116,4.3516216780595784e-07
emb_286,4.228677962308926e-07
emb_013,3.724619715274179e-07
emb_314,3.6624821030891017e-07
emb_223,3.6084231651752064e-07
emb_243,3.557525781163145e-07
emb_126,3.4658512888468715e-07
noun_count,3.448998513641829e-07
emb_271,3.345631973313781e-07
emb_114,3.3166072261938577e-07
emb_239,3.2798441096467546e-07
emb_244,2.9741118660271924e-07
emb_120,2.7890653881121276e-07
emb_284,2.7591216662053756e-07
h12_peak_count,2.682894076889494e-07
emb_318,2.635321971738243e-07
emb_152,2.5622784496948503e-07
emb_174,2.4937418242780626e-07
emb_337,2.478560786009569e-07
emb_360,2.3350967819023124e-07
emb_375,2.216139937369329e-07
emb_241,1.912978188969193e-07
emb_266,1.8488165998329922e-07
emb_289,1.7191415249015778e-07
emb_162,1.683772405295082e-07
emb_268,1.6792312999865733e-07
emb_316,1.5803813761751558e-07
emb_085,1.5120193923955902e-07
emb_142,1.4923346653302438e-07
emb_038,1.4795617253664478e-07
emb_371,1.4670925767173471e-07
emb_030,1.4614141047027795e-07
emb_133,1.3181272558004115e-07
emb_004,1.2604954749314511e-07
emb_306,1.237924402605949e-07
eomi_ratio,1.220086846890794e-07
emb_355,1.1618816029864304e-07
emb_109,1.1172859922008057e-07
emb_048,1.0716631807842696e-07
emb_071,1.016578804431684e-07
emb_221,9.794744092348674e-08
emb_000,9.640504359966528e-08
emb_034,9.295992621202676e-08
emb_165,9.042866720651021e-08
emb_361,8.9344168055138e-08
emb_331,6.683255284641476e-08
emb_291,6.639957164382403e-08
emb_168,6.137716545327302e-08
emb_374,5.6991814358904786e-08
emb_022,4.380550752833362e-08
adverb_ratio,4.2508686143095066e-08
emb_302,4.1255597218442124e-08
noun_ratio,2.805106184714104e-08
emb_102,2.701859657290387e-08
emb_155,2.659910800876349e-08
emb_103,2.507526065267252e-08
emb_255,2.1631833522512157e-08
emb_137,2.1501382298322577e-08
emb_350,2.0496215663823502e-08
emb_121,1.9681448133982504e-08
emb_181,1.842925976434581e-08
emb_379,1.6587957262516453e-08
emb_378,1.5312488361456568e-08
emb_328,1.4921592318314216e-08
emb_205,1.1082886308146598e-08
emb_248,1.0802537639669624e-08
emb_233,9.735898139544717e-09
emb_011,9.314807814031899e-09
emb_186,7.600858461036836e-09
emb_322,7.59197716776313e-09
emb_202,7.499446740607401e-09
h12_peak_month,6.360546583402157e-09
emb_346,6.164028540842046e-09
emb_145,6.104029967293078e-09
emb_224,5.117003792692518e-09
emb_163,4.892183573243912e-09
emb_015,4.490147492325947e-09
emb_265,4.403793868640458e-09
emb_303,4.353633079326048e-09
emb_096,3.969691294612279e-09
emb_001,3.910018427933738e-09
emb_164,3.5006329839808983e-09
emb_347,3.4612962681227026e-09
emb_124,2.970915639607365e-09
emb_012,2.669517468380829e-09
emb_093,2.255533063835017e-09
emb_376,2.1499236540006047e-09
emb_173,1.7433055636609367e-09
emb_083,1.5085079336089887e-09
emb_054,1.4811065502434827e-09
emb_088,1.4122809289976273e-09
emb_136,1.3365028020651171e-09
emb_270,1.3078730672478268e-09
emb_017,1.162303329533132e-09
emb_192,1.1489239462619164e-09
emb_229,1.088799446911488e-09
emb_209,1.0871282647988811e-09
emb_105,1.0754972546940403e-09
emb_074,1.0346976523364275e-09
emb_100,8.897292736968205e-10
emb_254,8.850162741566864e-10
emb_148,8.261763248153814e-10
emb_097,6.751297872143889e-10
emb_046,6.053367123906426e-10
emb_027,5.722001946643473e-10
emb_144,5.217460464329377e-10
emb_349,5.187194305545425e-10
emb_169,4.95119560848711e-10
emb_058,4.690883229691366e-10
emb_257,4.6375225291735804e-10
emb_087,4.579225934706666e-10
emb_368,4.5763956561776636e-10
emb_151,4.4136491026146845e-10
emb_246,4.2413132423612225e-10
emb_055,4.2175750541291326e-10
emb_140,4.1368354481312794e-10
emb_009,4.0247721897237813e-10
emb_373,3.9959942483913676e-10
emb_327,3.7555631115120587e-10
emb_156,3.628047258324538e-10
emb_296,3.3533127911261096e-10
emb_242,3.3371324193642184e-10
emb_184,3.2076021656882296e-10
emb_020,2.9894316813217635e-10
emb_212,2.917861318374783e-10
emb_298,2.8329621935892857e-10
emb_305,2.68928395229638e-10
emb_278,2.58877915033532e-10
emb_222,2.5478424642468384e-10
emb_312,2.5279047547428325e-10
emb_343,2.469683733649531e-10
emb_234,2.4565319397939746e-10
emb_251,2.387486108310763e-10
emb_354,2.3445222090933254e-10
emb_080,2.2635220187846744e-10
emb_068,2.247752664079465e-10
emb_307,2.134236363750453e-10
emb_021,2.1213561467368574e-10
emb_245,2.1113950462185048e-10
emb_031,1.8809741509316896e-10
emb_072,1.80804140720656e-10
emb_134,1.7838057693329179e-10
emb_098,1.7318834816189098e-10
emb_195,1.6537263430739288e-10
emb_183,1.624128811986589e-10
emb_003,1.6067671980792877e-10
emb_008,1.536100595853476e-10
emb_351,1.4543107999997548e-10
emb_040,1.409718574818767e-10
emb_113,1.3752415612106603e-10
emb_348,1.3043405438967937e-10
emb_045,1.3018312946248676e-10
emb_235,1.2824714750555122e-10
emb_042,1.222132891139283e-10
emb_023,1.1979665488770496e-10
emb_237,1.190884751966992e-10
emb_091,1.1072842843022166e-10
emb_052,1.0764516605709906e-10
emb_059,1.0562663528074208e-10
emb_247,9.973185999844596e-11
emb_274,9.613438052242695e-11
emb_036,9.446591789614152e-11
emb_217,9.02457432257584e-11
emb_178,8.864171287123452e-11
emb_118,8.729990500475213e-11
emb_101,8.469126143262561e-11
emb_002,7.244058447025471e-11
emb_014,5.577704784883686e-11
emb_132,3.978362942924301e-11
no_final_consonant_ratio,1.7997756063259375e-18
h12_nonzero_month_count,0.0
h12_zero_month_count,0.0
emb_024,0.0
h12_longest_active_streak,0.0
h12_active_month_count,0.0
emb_028,0.0
emb_094,0.0
emb_321,0.0
emb_323,0.0
emb_086,0.0
emb_131,0.0
emb_106,0.0
emb_259,0.0
emb_127,0.0
emb_273,0.0
emb_104,0.0
emb_304,0.0
emb_299,0.0
emb_310,0.0
emb_313,0.0
emb_315,0.0
emb_272,0.0
emb_277,0.0
emb_279,0.0
emb_282,0.0
emb_292,0.0
emb_287,0.0
h12_time_to_peak,0.0
emb_019,0.0
h12_peak_value,0.0
h12_retention_ratio,0.0
h12_current_active_streak,0.0
emb_226,0.0
emb_225,0.0
emb_334,0.0
emb_336,0.0
emb_333,0.0
emb_329,0.0
emb_362,0.0
emb_357,0.0
emb_356,0.0
emb_082,0.0
emb_077,0.0
emb_070,0.0
emb_060,0.0
emb_369,0.0
emb_201,0.0
emb_203,0.0
emb_208,0.0
emb_207,0.0
emb_215,0.0
emb_064,0.0
emb_199,0.0
emb_364,0.0
emb_220,0.0
emb_218,0.0
emb_216,0.0
emb_187,0.0
emb_141,0.0
emb_372,0.0
emb_377,0.0
emb_380,0.0
emb_231,0.0
emb_227,0.0
emb_345,0.0
emb_338,0.0
emb_238,0.0
emb_249,0.0
emb_252,0.0
emb_240,0.0
special_ratio,0.0
digit_ratio,0.0
english_ratio,0.0
special_char_count,0.0
digit_char_count,0.0
english_char_count,0.0
avg_token_len,0.0
token_count_space,0.0
has_chosung,0.0
chosung_count,0.0
has_hangul,0.0
has_english,0.0
has_question_mark,0.0
has_exclamation_mark,0.0
has_digit,0.0
is_kor_eng_mixed,0.0
emb_177,0.0
emb_171,0.0
emb_182,0.0
has_repeated_char,0.0
max_repeated_char_len,0.0
repeated_char_count,0.0
unique_morph_count,0.0
pos_type_count,0.0
verb_count,0.0
verb_ratio,0.0
has_laughter_kk,0.0
has_laughter_hh,0.0
count_kk,0.0
count_hh,0.0
has_tilde,0.0
has_ellipsis,0.0
eomi_count,0.0
josa_ratio,0.0
josa_count,0.0
interjection_ratio,0.0
interjection_count,0.0
adverb_count,0.0
is_sentence_like,0.0
is_word_like,0.0
has_initialism_pattern,0.0
has_meme_template_pattern,0.0
syllable_count,0.0
is_phrase_like,0.0
is_exclamation_like,0.0
is_command_like,0.0
has_abbreviation_pattern,0.0
is_question_like,0.0
h12_has_revival,0.0
h12_revival_count,0.0
h12_late_activity_ratio,0.0
same_syllable_repeat_count,0.0
has_quote_like_pattern,0.0
emb_149,0.0
emb_160,0.0
emb_157,0.0
final_consonant_ratio,0.0
vowel_repeat_score,0.0
initial_consonant_repeat_score,0.0
max_same_syllable_repeat_len,0.0
rhythm_score,0.0
h12_freq_mean,0.0
emb_050,0.0
emb_007,0.0
