iter	Passed	Remaining
0	91	45423
1	128	32053
2	166	27619
3	205	25423
4	243	24110
5	281	23168
6	319	22505
7	358	22020
8	395	21599
9	434	21275
10	473	21042
11	512	20849
12	550	20637
13	589	20465
14	628	20305
15	665	20141
16	704	20018
17	742	19894
18	781	19777
19	820	19685
20	859	19594
21	897	19504
22	937	19442
23	975	19345
24	1014	19280
25	1054	19216
26	1092	19131
27	1129	19044
28	1168	18970
29	1206	18906
30	1244	18828
31	1282	18758
32	1320	18688
33	1360	18645
34	1399	18590
35	1437	18528
36	1478	18497
37	1517	18445
38	1556	18398
39	1595	18343
40	1632	18281
41	1671	18226
42	1710	18174
43	1748	18121
44	1786	18067
45	1824	18010
46	1864	17965
47	1901	17908
48	1940	17857
49	1978	17807
50	2016	17748
51	2055	17705
52	2093	17652
53	2132	17610
54	2170	17561
55	2209	17520
56	2247	17470
57	2286	17422
58	2324	17375
59	2363	17332
60	2402	17291
61	2440	17240
62	2478	17193
63	2517	17153
64	2556	17109
65	2594	17060
66	2633	17019
67	2672	16979
68	2710	16929
69	2748	16884
70	2786	16837
71	2825	16794
72	2864	16752
73	2902	16710
74	2940	16663
75	2979	16620
76	3016	16573
77	3056	16534
78	3095	16494
79	3133	16451
80	3170	16401
81	3209	16361
82	3248	16320
83	3286	16277
84	3324	16233
85	3364	16194
86	3402	16152
87	3441	16113
88	3479	16067
89	3518	16027
90	3557	15991
91	3595	15947
92	3635	15908
93	3673	15864
94	3711	15822
95	3750	15782
96	3789	15742
97	3828	15704
98	3866	15661
99	3904	15616
100	3942	15575
101	3981	15535
102	4020	15497
103	4059	15455
104	4097	15414
105	4135	15371
106	4173	15330
107	4211	15287
108	4249	15244
109	4288	15203
110	4326	15163
111	4366	15125
112	4405	15088
113	4444	15049
114	4482	15005
115	4521	14966
116	4559	14925
117	4598	14886
118	4637	14846
119	4675	14805
120	4714	14765
121	4753	14727
122	4792	14688
123	4829	14645
124	4868	14605
125	4906	14564
126	4944	14521
127	4982	14480
128	5020	14439
129	5059	14400
130	5098	14361
131	5137	14321
132	5176	14284
133	5214	14242
134	5253	14204
135	5291	14162
136	5330	14123
137	5368	14083
138	5406	14041
139	5445	14001
140	5484	13963
141	5523	13925
142	5561	13885
143	5599	13843
144	5638	13804
145	5676	13763
146	5715	13725
147	5754	13687
148	5793	13648
149	5832	13608
150	5870	13569
151	5909	13529
152	5947	13489
153	5986	13449
154	6024	13409
155	6062	13368
156	6100	13327
157	6138	13287
158	6176	13245
159	6215	13207
160	6253	13167
161	6292	13128
162	6330	13087
163	6368	13047
164	6406	13006
165	6443	12964
166	6482	12926
167	6520	12886
168	6559	12847
169	6598	12808
170	6637	12770
171	6676	12731
172	6714	12692
173	6752	12651
174	6791	12612
175	6829	12572
176	6867	12533
177	6906	12493
178	6945	12454
179	6983	12414
180	7020	12373
181	7059	12334
182	7097	12294
183	7136	12255
184	7174	12215
185	7213	12176
186	7251	12138
187	7290	12099
188	7329	12061
189	7368	12021
190	7406	11982
191	7445	11943
192	7483	11904
193	7521	11863
194	7559	11824
195	7598	11785
196	7636	11745
197	7675	11706
198	7713	11667
199	7752	11628
200	7790	11589
201	7829	11550
202	7868	11512
203	7906	11472
204	7944	11432
205	7983	11393
206	8021	11354
207	8059	11314
208	8098	11275
209	8136	11235
210	8174	11196
211	8213	11157
212	8252	11119
213	8290	11079
214	8328	11040
215	8366	11000
216	8404	10960
217	8442	10920
218	8480	10881
219	8518	10842
220	8557	10803
221	8595	10763
222	8634	10725
223	8673	10686
224	8711	10647
225	8750	10609
226	8788	10569
227	8826	10529
228	8864	10489
229	8902	10450
230	8940	10411
231	8978	10371
232	9016	10331
233	9053	10291
234	9091	10252
235	9129	10212
236	9167	10173
237	9205	10133
238	9243	10093
239	9281	10054
240	9319	10015
241	9357	9976
242	9395	9936
243	9433	9897
244	9471	9858
245	9509	9818
246	9546	9778
247	9584	9739
248	9622	9699
249	9660	9660
250	9699	9622
251	9737	9583
252	9775	9544
253	9813	9504
254	9851	9464
255	9889	9425
256	9926	9386
257	9964	9346
258	10002	9307
259	10040	9268
260	10078	9228
261	10116	9189
262	10153	9150
263	10191	9110
264	10229	9071
265	10267	9032
266	10305	8992
267	10343	8953
268	10381	8915
269	10419	8875
270	10457	8836
271	10495	8797
272	10532	8758
273	10570	8718
274	10608	8679
275	10646	8640
276	10684	8601
277	10722	8562
278	10761	8523
279	10798	8484
280	10836	8445
281	10874	8406
282	10912	8367
283	10949	8328
284	10987	8289
285	11026	8250
286	11064	8211
287	11102	8172
288	11141	8134
289	11180	8096
290	11218	8057
291	11256	8018
292	11294	7979
293	11333	7941
294	11372	7902
295	11409	7863
296	11447	7824
297	11486	7785
298	11524	7747
299	11562	7708
300	11600	7669
301	11639	7630
302	11678	7592
303	11716	7553
304	11754	7515
305	11793	7476
306	11832	7438
307	11870	7399
308	11909	7361
309	11948	7323
310	11985	7283
311	12024	7245
312	12061	7206
313	12099	7167
314	12138	7129
315	12177	7090
316	12215	7051
317	12253	7013
318	12291	6974
319	12330	6935
320	12369	6897
321	12407	6858
322	12446	6820
323	12484	6781
324	12522	6742
325	12560	6704
326	12599	6665
327	12638	6627
328	12677	6589
329	12716	6550
330	12753	6511
331	12792	6473
332	12830	6434
333	12868	6395
334	12906	6357
335	12945	6318
336	12984	6280
337	13022	6241
338	13061	6203
339	13100	6164
340	13137	6125
341	13176	6087
342	13215	6049
343	13254	6010
344	13291	5971
345	13330	5933
346	13368	5894
347	13406	5855
348	13444	5817
349	13483	5778
350	13522	5740
351	13561	5701
352	13599	5663
353	13637	5624
354	13675	5585
355	13713	5547
356	13752	5508
357	13791	5470
358	13829	5431
359	13868	5393
360	13907	5354
361	13945	5316
362	13984	5277
363	14022	5238
364	14060	5200
365	14099	5162
366	14138	5123
367	14176	5085
368	14215	5046
369	14254	5008
370	14292	4969
371	14331	4931
372	14370	4892
373	14408	4854
374	14446	4815
375	14485	4777
376	14524	4738
377	14562	4699
378	14599	4661
379	14637	4622
380	14676	4583
381	14713	4545
382	14752	4506
383	14791	4468
384	14830	4429
385	14869	4391
386	14906	4352
387	14944	4313
388	14983	4275
389	15022	4237
390	15061	4198
391	15100	4160
392	15138	4121
393	15177	4083
394	15215	4044
395	15253	4006
396	15292	3967
397	15330	3928
398	15369	3890
399	15407	3851
400	15446	3813
401	15485	3775
402	15524	3736
403	15563	3698
404	15601	3659
405	15640	3621
406	15679	3582
407	15718	3544
408	15757	3505
409	15796	3467
410	15835	3429
411	15873	3390
412	15911	3351
413	15950	3313
414	15988	3274
415	16026	3236
416	16064	3197
417	16103	3159
418	16141	3120
419	16180	3081
420	16218	3043
421	16257	3004
422	16295	2966
423	16334	2927
424	16373	2889
425	16412	2850
426	16450	2812
427	16490	2774
428	16528	2735
429	16567	2697
430	16605	2658
431	16644	2619
432	16682	2581
433	16720	2542
434	16758	2504
435	16797	2465
436	16835	2427
437	16874	2388
438	16912	2349
439	16950	2311
440	16989	2272
441	17027	2234
442	17064	2195
443	17103	2157
444	17142	2118
445	17181	2080
446	17220	2041
447	17258	2003
448	17297	1964
449	17336	1926
450	17373	1887
451	17412	1849
452	17451	1810
453	17489	1772
454	17526	1733
455	17565	1694
456	17604	1656
457	17643	1617
458	17680	1579
459	17718	1540
460	17757	1502
461	17795	1463
462	17834	1425
463	17873	1386
464	17912	1348
465	17950	1309
466	17988	1271
467	18027	1232
468	18066	1194
469	18103	1155
470	18141	1117
471	18179	1078
472	18217	1039
473	18255	1001
474	18294	962
475	18331	924
476	18369	885
477	18407	847
478	18446	808
479	18485	770
480	18523	731
481	18562	693
482	18600	654
483	18638	616
484	18677	577
485	18715	539
486	18753	500
487	18791	462
488	18830	423
489	18869	385
490	18907	346
491	18945	308
492	18983	269
493	19021	231
494	19060	192
495	19099	154
496	19137	115
497	19176	77
498	19215	38
499	19253	0
