x,year,month,tw_use_m01,tw_use_m02,tw_use_m03,tw_use_m04,tw_use_m05,tw_use_m06,tw_use_m07,tw_use_m08,tw_use_m09,tw_use_m10,tw_use_m11,tw_use_m12,,label
난 오늘 네가 킹받으면 좋겠어,2026,0,0,0,0,0,0,,,,,,,,,0
힙합보단 사랑 사랑보단 돈,2026,1,1173,3529,2091,981,467,,,,,,,,,0
척추 척척추,2026,1,300,767,417,172,105,,,,,,,,,0
운동 많이 된다,2026,1,23574,19437,23770,15132,16399,,,,,,,,,1
고작 이런 00에 볼게 뭐가 있다고 쨍그랑,2026,1,2335,4706,3253,1351,776,,,,,,,,,0
윤정아 윤정아 왜요 쌤 왜요 쌤,2026,1,1384,3878,5255,9081,4169,,,,,,,,,1
But why?,2026,1,1028,968,1364,689,478,,,,,,,,,0
2026 Is The New 2016,2026,0,0,0,0,0,,,,,,,,,,0
완전히 멘탈이 나가버렸습니다,2026,2,7094,6303,1948,2658,,,,,,,,,,0
어디야 넌 어디야 집이야 난 택시야,2026,2,70,52,60,45,,,,,,,,,,0
그대 춤을 추는 나무 같아요,2026,2,285,254,139,64,,,,,,,,,,0
언발란스,2026,2,25805,39390,26806,15608,,,,,,,,,,1
쌰갈,2026,2,31292,27257,31489,36370,,,,,,,,,,1
원숭이 펀치,2026,2,1142,2142,1218,578,,,,,,,,,,0
설명할 시간이 없어,2026,2,29073,20770,36037,22793,,,,,,,,,,1
빨리 타,2026,2,27114,39608,36662,23367,,,,,,,,,,1
간바레,2026,3,152,229,139,,,,,,,,,,,0
붐샤카라카,2026,3,609,1926,1107,,,,,,,,,,,0
카와이 다케쟈 다메데스까,2026,3,133,50,40,,,,,,,,,,,0
귀엽기만 하면 안 되나요,2026,4,91,174,,,,,,,,,,,,0
00를 변기에 넣고서 내려,2026,4,268,298,,,,,,,,,,,,1
늑구,2026,4,1481,2283,,,,,,,,,,,,1
탱장연,2026,4,230,345,,,,,,,,,,,,0
모시모시 키코에떼루?,2026,5,48,,,,,,,,,,,,,0
얼마나 00하고 싶었던 건지 감도 안 옴,2026,1,12734,6512,2781,1517,522,,,,,,,,,0
영크크,2026,1,332,367,410,538,939,,,,,,,,,1
늙크크,2026,2,12914,7415,8386,4627,,,,,,,,,,1
할렐야루,2026,3,227,432,633,,,,,,,,,,,0
오늘 스트레스 많이 받을거야,2026,1,1271,1744,4752,6771,14121,,,,,,,,,1
"대한민국 유행 진짜 훅훅 바뀌는 듯, 두쫀쿠 유행 끝나니까 봄동비빔밥 유행함, 그럼 다음은 무조건 00이겠지",2026,3,93,107,100,,,,,,,,,,,0
흐에에!,2026,1,7808,3546,1306,590,379,,,,,,,,,0
샤갈,2026,1,31806,47020,14215,22091,14082,,,,,,,,,1
낋여왔어요,2026,2,11325,21948,34150,23558,,,,,,,,,,1
낉여왔어요,2026,2,23343,25457,25564,48212,,,,,,,,,,1
"여러분 저 됐어요, 00 됐어요!",2026,4,49487,18057,,,,,,,,,,,,1
뭔가 행복하지 않았지?,2026,4,26,20,,,,,,,,,,,,0
조림인간,2026,3,13258,26003,26799,,,,,,,,,,,1
을!,2026,4,40240,35114,,,,,,,,,,,,1
앙,2026,4,45794,40007,,,,,,,,,,,,1
"오만가지 소스, 끝!",2026,2,3370,2248,830,651,,,,,,,,,,0
빅변내,2026,3,20011,33752,75266,,,,,,,,,,,1
00을(를) 변기에 넣고서 내려,2026,5,20589,,,,,,,,,,,,,1
인생은 웍 웍 웍 웍 질,2026,4,2588,6368,,,,,,,,,,,,1
누가 너를 멋없다 말했는데 그게 너의 맘을 괴롭힐 때면 난 연기하지 않아,2026,1,305,163,73,32,11,,,,,,,,,0
동 훈 이 일 걸,2026,4,231,273,,,,,,,,,,,,1
그대 춤을 추는 나무 같아요,2026,2,90,79,78,62,,,,,,,,,,0
꺼드럭,2026,5,1412,,,,,,,,,,,,,1
꼭지 켜줄게,2026,3,251,305,776,,,,,,,,,,,0
나는 감정없는 싸이코라그런가 이런거보면 미동도안함. 오히려 웃음이나온달까?이정도는 껌이지ㅋ 나는 모자이크없는 고어영상들 수백수천개를 본 싸이코패슨데ㅋㅋ 그런영상을보면서 나는 웃음을 짓지 후훗,2026,3,1178,758,595,,,,,,,,,,,0
쉬었음 청년,2026,3,6350,8991,10228,,,,,,,,,,,1
아자스,2026,2,773,1446,1194,1081,,,,,,,,,,1
여기까지가 템플릿임,2026,4,11763,15461,,,,,,,,,,,,0
00하는 주파수,2026,3,13575,12015,29050,,,,,,,,,,,0
괜찮아 딩딩딩딩딩,2025,1,11327,39173,31708,17274,13022,13262,8816,5384,8528,6095,4486,5972,,1
Chill guy,2025,1,691,1160,2433,5015,10993,13105,11610,15401,12416,12332,10572,15836,,1
죠리퐁에서 왜 죠리퐁 냄새가나지,2025,2,91,150,42,58,19,16,9,5,4,8,6,0,,0
햄부기햄북 햄북스딱스 함부르크햄부가우가 햄비기햄부거 햄부가티 햄부기온앤 온 을 차려오거라,2025,2,1896,4053,2276,1674,811,520,122,349,53,22,7,8,,0
도파민,2025,2,8320,27850,15564,15690,7290,6821,5492,5037,5374,1623,2891,3624,,1
사람이 죽는다고,2025,3,324,445,682,637,265,209,184,105,79,127,30,137,,0
나니가스키,2025,3,316,190,157,300,836,1052,1119,1089,926,885,957,220,,1
트랄랄레로 트랄랄라,2025,3,2710,2795,2780,2143,680,413,456,224,118,97,61,51,,0
"와... 너 정말, **핵심을 찔렀어.**",2025,3,5978,3292,1217,669,270,237,72,65,28,24,11,14,,0
누가 범인일까?,2025,4,987,2084,1619,854,663,311,273,97,226,14,9,5,,0
첩 교체비는 안 아깝고 칩 교체비용은 아깝냐,2025,5,32,62,73,33,10,19,8,7,13,0,7,13,,0
회장 마누라 교체 비용으로 2조를 쓰면서,2025,5,72,124,141,97,87,77,121,75,210,78,57,55,,0
테크놀로지아,2025,5,22393,24450,32296,13699,12357,17184,45339,12537,16088,5985,4767,7284,,1
밤티,2025,5,62485,113783,42654,47412,33490,32545,52109,30074,19673,10116,14715,20456,,1
00미새,2025,10,30302,55937,25098,14906,11126,10132,22046,21482,,,,,,1
아미새,2025,6,307,441,398,356,168,127,282,99,210,29,171,62,,0
이건 00 레슨 00하기,2025,6,5674,9230,7357,5090,4042,3705,1895,1962,2078,1206,215,254,,1
쉐이칸샹 쉐이칸샹,2025,7,148,239,162,200,129,195,260,174,121,136,133,,,0
이거 AI 광고야.,2025,7,51,182,47,52,26,21,10,6,8,4,8,,,0
잔말말고 에어컨 파워냉방으로 틀어,2025,8,10,10,10,8,0,7,9,13,14,19,,,,0
내가 그걸 모를까,2025,8,7285,13411,9619,3285,3324,1199,202,91,52,31,,,,0
왜 안봐 왜 안봐 너 내 카톡 왜 안봐,2025,9,1041,692,491,189,232,97,64,48,141,,,,,0
도티낳음,2025,9,3800,5532,4759,10058,6237,3945,6020,3888,10801,,,,,1
케케크롱,2025,9,1048,2108,1415,684,444,196,173,191,62,,,,,0
이리와서.. 오목 한 판.. 두자꾸나..,2025,9,39,39,55,69,57,51,41,64,69,,,,,0
사실 너도 똑같더라고,2025,9,33,74,17,28,18,27,44,58,43,,,,,0
멋있어 멋있어 이찬오빠 멋있어,2025,9,100,226,162,30,22,20,11,6,0,,,,,0
영포티,2025,9,29503,31575,16345,18726,14843,13306,13312,16170,8353,,,,,1
개웃겨서 원식이 착상함,2025,10,22,22,127,22,45,149,31,26,,,,,,0
전부 다 가르쳐줄게,2025,10,56,73,38,29,39,29,22,122,,,,,,0
내 골반이 멈추지 않는 탓일까? ㅜ.ㅜ,2025,10,5086,7870,9297,18877,14291,9782,8778,9911,,,,,,1
골반통신,2025,10,25121,41519,17132,7346,10569,8492,12649,15825,,,,,,1
평범한 땅볼 타구 같은데..,2025,10,217,94,38,15,21,9,9,7,,,,,,0
사실은 나도 학교에 가 본적 없어,2025,11,230,497,313,161,54,32,98,,,,,,,0
매끈매끈하다 매끈매끈한,2025,11,29597,62234,32546,27386,18110,15934,15788,,,,,,,1
오우~ 즉시 반말?,2025,11,92,83,89,36,33,37,62,,,,,,,0
"힙합보단 사랑, 사랑보단 돈",2025,12,2895,2666,11234,4971,2212,1022,,,,,,,,0
짜잇호~,2025,1,368,775,330,158,88,34,25,21,19,11,6,0,,0
호잇짜~,2025,10,444,1120,301,353,184,83,163,266,,,,,,0
그럼 죽어,2025,3,17031,18655,10218,11196,15001,4749,7603,4978,3372,3934,3915,2708,,1
기적 같은 하루가 널 기다리고 있어.,2025,5,503,247,79,64,40,10,11,9,8,8,0,4,,0
난 네 심장보다도 가까운 곳에서 널 지켜볼테니까.,2025,11,128,325,544,334,153,115,84,,,,,,,0
사실 나도 00에 가본 적이 없어,2025,1,133,193,227,75,109,114,78,97,98,123,136,164,,0
"전부, 가르쳐 줄게",2025,4,104,72,81,217,139,126,137,138,145,178,115,139,,0
밤!~,2025,0,0,0,0,0,0,0,0,0,0,0,0,0,,0
나는 이 게임을 해봤어요,2025,4,2224,8034,2609,2122,1039,1668,633,298,133,49,33,10,,0
둥글게 둥글게,2025,1,180,66,176,81,69,43,47,12,20,15,11,13,,0
빨주노초 I'm a legend 타노스,2025,0,0,0,0,0,0,0,0,0,0,0,0,0,,0
"경수, You Out!",2025,0,0,0,0,0,0,0,0,0,0,0,0,0,,0
너한테 벌이 앉았어,2025,0,0,0,0,0,0,0,0,0,0,0,0,0,,0
똑똑 누구십니까? 꼬마입니다. 꼬마야~ 꼬마야~,2025,0,0,0,0,0,0,0,0,0,0,0,0,0,,0
그런 놈이 여기를 왜 다시 기어들어 와?,2025,0,0,0,0,0,0,0,0,0,0,0,0,0,,0
"456번, 아직도 사람을 믿나?",2025,0,0,0,0,0,0,0,0,0,0,0,0,0,,0
우리는 말이 아니야. 사람이야.,2025,0,0,0,0,0,0,0,,,,,,,,0
Tralalero Tralala,2025,0,0,0,0,0,0,0,,,,,,,,0
트랄랄레로 트랄랄라,2025,5,6552,2216,1737,795,193,126,47,51,52,44,50,10,,0
봄바르디로 크로코딜로,2025,2,4788,3513,1930,1127,476,158,56,93,18,31,34,18,,0
퉁 퉁 퉁 퉁 퉁 퉁 퉁 퉁 퉁 사후르,2025,4,1199,2505,6500,1969,927,465,194,88,65,56,34,34,,0
브르르 브르르 파타핌,2025,5,3030,1956,1127,550,348,154,157,84,172,135,67,109,,0
호텔경제학,2025,12,8093,6866,22151,6015,1989,1129,,,,,,,,0
텍사스 경제학,2025,0,0,0,0,0,0,0,0,0,0,0,0,0,,0
테토남,2025,1,975,2537,3425,4049,6441,14320,7443,13507,7819,8548,12371,14435,,1
테토녀,2025,10,15148,35961,37164,21250,21726,13760,9366,8028,,,,,,1
에겐남,2025,6,1204,1754,3883,7785,9625,16893,26458,17618,18631,25975,16143,27873,,1
에겐녀,2025,6,1482,1441,4009,7175,11587,15755,13420,15052,15395,9909,14430,16891,,1
댓글 예쁘게 달아라,2025,0,0,0,0,0,0,0,0,0,0,,,,,0
폭싹 00수다,2025,9,881,1133,1903,2938,4111,5294,6402,6524,9286,,,,,1
학씨!,2025,1,1215,2219,1216,727,610,230,190,103,228,65,78,26,,0
부들부들,2025,2,8798,25405,7331,4048,1413,664,251,73,66,53,63,11,,0
오만가지 소스,2025,5,5154,2290,1501,1386,343,449,241,440,91,13,13,5,,0
Chill하군,2025,11,316,482,484,538,932,1246,1324,,,,,,,1
첩앤칩스,2025,3,16,17,14,16,24,16,110,7,8,13,19,15,,0
유첩무칩,2025,7,82,102,144,133,133,86,70,87,122,135,138,,,0
일첩이조,2025,3,35,35,31,45,41,26,89,27,76,53,133,100,,0
가나디,2025,1,14793,22102,61132,34115,14148,15924,14884,37055,50644,26623,13250,9569,,1
그건 절대 안 되는 일이얌,2025,5,27,39,25,26,7,11,7,0,10,11,11,0,,0
하룰라라,2025,0,0,0,0,0,0,0,0,0,0,0,0,0,,0
궁전으로 갈 수도 있어,2025,1,50,82,37,31,9,5,5,9,4,8,12,8,,0
귀하게 자란 내가 이런 걸 봐도 될까?,2025,11,34,28,41,31,20,21,30,,,,,,,0
나한테명령하지마할꺼면마인크래프트명령어로말해,2025,0,0,0,0,0,0,0,0,0,0,0,0,0,,0
허거덩거덩스,2025,3,259,103,62,24,10,11,17,0,7,10,0,6,,0
난가병,2025,8,28,38,70,40,45,51,29,23,22,23,,,,0
리얼 허거덩거덩스한 상황,2025,0,0,0,0,0,0,0,0,0,0,0,0,0,,0
머시써 머시써 이찬 오빠 멋있어,2025,11,19,23,14,16,21,13,13,,,,,,,0
귀여워 귀여워 칭칭 언니 귀여워,2025,0,0,0,0,0,0,0,0,0,0,0,0,0,,0
보법,2025,3,12096,22949,13559,8396,5787,9058,7679,14503,26419,10148,8922,5073,,1
사람아니야,2025,2,1657,1242,509,321,136,68,64,35,139,0,0,0,,0
아 진짜요,2025,4,488,241,74,89,34,10,11,11,0,4,0,5,,0
야르,2025,8,20425,12533,10234,10523,11661,12294,8802,126,7283,6565,,,,1
어른들은 몰라요,2025,7,694,772,488,284,178,90,70,65,111,62,65,,,0
오늘도 평화로운 린도 린도 린도,2025,12,64,51,11,18,0,0,,,,,,,,0
제가 그 팔리아치입니다,2025,0,0,0,0,0,0,0,0,0,,,,,,0
캄대남,2025,6,3524,2042,5354,2201,1440,1459,33,149,521,58,23,7,,0
폭주기니,2025,12,302,503,254,608,662,1266,,,,,,,,1
한국의 오타니,2025,4,613,1264,757,323,334,197,230,167,53,147,46,50,,0
할래말래할래말래 애매하긴해,2025,3,330,190,135,97,35,19,0,6,3,10,0,5,,0
화짱조,2025,0,0,0,0,0,0,0,0,0,0,0,0,0,,0
Don't do that jamie,2025,0,0,0,0,0,0,0,0,0,0,0,0,0,,0
섹시푸드,2025,3,38551,29121,28442,26993,24499,16399,12961,13607,16519,8017,8746,8376,,1
힙레,2025,11,43,32,10,0,0,3,5,,,,,,,0
00 선수 진짜 죽습니다,2025,8,383,586,520,1105,1231,973,2130,1710,1443,1374,,,,1
00어게인,2025,1,13281,11530,23110,23336,18145,10238,9953,9638,7729,10668,6601,7698,,1
어쩔수가없다,2025,3,17879,7645,3676,2402,728,286,254,146,55,113,26,37,,0
00컵 인정못해,2025,0,0,0,0,0,0,0,0,0,0,0,0,0,,0
피에로 드립,2022,0,0,0,0,0,0,0,0,0,0,0,0,0,,0
부럽지가 않어,2022,9,256,765,468,335,123,67,102,66,120,124,10,69,,0
해병문학,2022,2,211,1429,498,245,171,131,81,80,64,68,64,24,,0
마이 네임 이즈 찢기,2022,0,0,0,0,0,0,0,0,0,0,0,0,0,,0
소울리스좌,2022,7,205,203,385,143,87,64,20,11,22,11,3,23,,0
아이 러브 마이 화자 마자 브라자,2022,0,0,0,0,0,0,0,0,0,0,0,0,0,,0
눗눗,2022,4,27,29,37,31,34,40,44,31,34,23,35,33,,0
재즈를 뭐라고 생각하세요?,2022,3,17,16,43,18,25,26,35,28,35,40,34,22,,0
오붕가,2022,10,130,217,103,126,98,74,66,100,182,173,158,113,,0
알빠노,2022,3,36307,38798,27314,45963,19818,16900,18156,15007,11501,14641,16045,8630,,1
Young한데? 완전 MZ인데요?,2022,0,0,0,0,0,0,0,0,0,0,0,0,0,,0
중요한 것은 꺾이지 않는 마음,2022,1,790,582,457,295,143,77,169,90,114,173,90,157,,0
갱갱갱,2022,9,158,173,447,678,1158,1610,1660,2090,1898,2272,2065,1724,,1
띠용흥민,2022,10,14,20,11,33,17,16,10,11,9,15,13,13,,0
알빠임?,2022,3,793,837,889,398,169,124,45,25,278,0,0,0,,0
오빠 오빠 차 있어?,2022,2,296,500,241,102,91,72,29,21,13,11,0,3,,0
근데 어쩔건데?,2022,12,353,553,1390,449,305,158,106,388,29,0,0,0,,0
폼 미쳤다,2022,8,51908,42075,35223,25664,25685,32901,45208,50827,34210,19701,27217,41975,,1
누칼협,2022,1,23072,11038,35678,24806,27436,11085,10501,11038,6042,5927,7817,5881,,1
누가 칼들고 협박함?,2022,5,148,199,229,428,552,583,764,837,914,745,879,800,,1
"천천히 해, 누가 칼들고 협박함?",2022,4,36,19,23,19,31,23,187,40,52,61,36,31,,0
누가 게임하라고 칼들고 협박했냐?,2022,1,43,44,40,39,47,23,142,36,55,51,79,37,,0
언캐니 밈,2022,0,0,0,0,0,0,0,0,0,0,0,0,0,,0
캐니 밈,2022,0,0,0,0,0,0,0,0,0,0,0,0,0,,0
까불인데요?,2022,6,89,6,6,0,4,78,5,0,6,0,10,8,,0
누가 00야?,2022,1,1639,1980,1644,737,278,112,118,174,19,5,0,0,,0
맑은 눈의 광인,2022,5,3246,5430,3589,1367,838,370,69,127,66,35,43,38,,0
카메라 꺼!,2022,1,1317,701,356,145,139,51,40,115,95,138,68,52,,0
그냥 개최국 중국이 메달 모두 가져가라고 하자,2022,0,0,0,0,0,0,0,0,0,0,0,0,0,,0
눈 뜨고 코 베이징,2022,1,24,31,41,20,28,36,36,52,52,42,41,32,,0
베이징 탈모,2022,6,32,31,170,29,22,24,20,117,34,111,44,52,,0
블루투스 터치,2022,4,92,152,88,162,121,107,62,93,53,66,80,121,,0
식사는 잡쉈어?,2022,8,82,46,79,74,14,29,15,11,0,0,10,3,,0
할렐루야!,2022,4,10,7,8,11,5,0,5,5,0,0,5,124,,0
"마귀가 들렸네, 마귀가 들렸어!",2022,2,33,59,60,39,22,45,37,40,24,42,25,28,,0
너 사탄 들렸어?,2022,10,55,100,81,12,12,12,6,0,8,0,0,3,,0
와쿠와쿠,2022,10,35,95,47,21,31,10,4,16,6,7,7,11,,0
지금이야말로 필살의...!,2022,0,0,0,0,0,0,0,0,0,0,0,0,0,,0
Hello My name is 예삐예삐요,2022,0,0,0,0,0,0,0,0,0,0,0,0,0,,0
Oh I'm Sorry 그딴건 없어요,2022,0,0,0,0,0,0,0,0,0,0,0,0,0,,0
Why are you cranky boy 뭘 그리 찡그려 너,2022,0,0,0,0,0,0,0,0,0,0,0,0,0,,0
고래가 알을 낳는 문제,2022,7,54,47,30,35,32,26,28,24,42,115,23,35,,0
그렇다는 증거 있습니까?,2022,8,16,26,62,32,16,22,9,0,11,7,0,13,,0
불안이면 항소하세요,2022,0,0,0,0,0,0,0,0,0,0,0,0,0,,0
비!상!! 비상!! 비상!!,2022,12,137,130,83,38,16,15,5,4,7,0,11,0,,0
추멘 폼 미쳤다,2022,10,8,0,0,11,11,0,4,5,4,4,5,6,,0
달파멸콩,2022,0,0,0,0,0,0,0,0,0,0,0,0,0,,0
멸공좌,2022,2,144,400,166,129,109,20,82,56,140,86,97,7,,0
드럼통 드립,2022,0,0,0,0,0,0,0,0,0,0,0,0,0,,0
좋아 빠르게 가,2022,0,0,0,0,0,0,0,0,0,0,0,0,0,,0
"갑니다!!!, 좀 더!!!",2022,0,0,0,0,0,0,0,0,0,0,0,0,0,,0
띠용띠용 워익워익,2022,0,0,0,0,0,0,0,0,0,0,0,0,0,,0
사회 생활 그만하고 인터넷 좀 해,2022,0,0,0,0,0,0,0,0,0,0,0,0,0,,0
트위치는 이게 맞아,2022,0,0,0,0,0,0,0,0,0,0,0,0,0,,0
XX 하면 그만이야,2022,0,0,0,0,0,0,0,0,0,0,0,0,0,,0
따흐흑,2022,11,488,565,677,570,798,1234,894,269,1143,1915,1080,1619,,1
악으로 깡으로 버텨라,2022,8,2844,5996,8955,5588,1517,699,416,211,30,77,51,21,,0
"나는요, 완전히 붕괴됐어요.",2022,0,0,0,0,0,0,0,0,0,0,0,0,0,,0
"우는구나, 마침내.",2022,0,0,0,0,0,0,0,0,0,0,0,0,0,,0
00할 결심,2022,3,8808,8848,20589,17203,12424,12272,5303,3823,3605,3022,3956,3172,,1
갸루피스,2022,6,947,629,2480,309,435,154,248,142,158,77,21,151,,0
마 갱기에 집중 안 하나,2022,0,0,0,0,0,0,0,0,0,0,0,0,0,,0
"야, 형이야.",2022,12,13,18,32,18,13,12,10,8,0,4,0,0,,0
난 아무렇지 않지 않아,2022,7,76,27,32,26,34,151,16,17,13,25,15,34,,0
냬~ 냬~ 냬~ 냬~ 알걨쌥니떄~,2022,0,0,0,0,0,0,0,0,0,0,0,0,0,,0
어쩔 어쩔 저쩔 저쩔 안물티비~ 안궁티비~ 뇌절티비~,2022,0,0,0,0,0,0,0,0,0,0,0,0,0,,0
우짤래미~ 저짤래미 쿠쿠루삥뽕,2022,0,0,0,0,0,0,0,0,0,0,0,0,0,,0
곤룡포좌,2022,0,0,0,0,0,0,0,0,0,0,0,0,0,,0
벤버지,2022,1,200,62,41,14,22,11,0,5,4,2,5,7,,0
손흥민 띠용,2022,10,109,117,42,28,22,18,9,4,0,10,0,0,,0
한반두,2022,3,54,36,31,127,18,13,37,26,45,48,47,27,,0
ㄱㅇㅇ,2022,3,1244,739,456,309,66,53,20,505,0,0,0,0,,0
꽈추형,2022,2,5202,3280,9527,3672,3422,2807,118,79,40,51,23,8,,0
나는 실패작이래,2022,0,0,0,0,0,0,0,0,0,0,0,0,0,,0
내가 낳을 걸,2022,0,0,0,0,0,0,0,0,0,0,0,0,0,,0
내부총질,2022,0,0,0,0,0,0,0,0,0,0,0,0,0,,0
너 개못하잖아,2022,4,18989,10088,7348,1835,2038,992,251,108,100,96,99,32,,0
농ㅋㅋ,2022,8,47,45,40,24,7,5,0,6,5,4,9,0,,0
돈이 될까?,2022,0,0,0,0,0,0,0,0,0,0,0,0,0,,0
돌아가는 감자칩,2022,0,0,0,0,0,0,0,0,0,0,0,0,0,,0
두창,2022,2,23,49,54,28,23,23,0,10,10,9,8,3,,0
따봉XX야 고마워,2022,0,0,0,0,0,0,0,0,0,0,0,0,0,,0
또 이러신다 밥이나 드세요,2022,5,12,17,86,27,16,18,17,16,11,9,52,16,,0
맥락맹,2022,0,0,0,0,0,0,0,0,0,0,0,0,0,,0
몇개고?,2022,7,2538,1689,822,346,151,127,50,296,17,0,0,0,,0
백룸,2022,11,65,41,89,29,19,28,17,5,0,9,3,0,,0
사이버 유격,2022,3,57,45,54,66,31,37,24,34,48,53,36,41,,0
시간 빌게이츠,2022,0,0,0,0,0,0,0,0,0,0,0,0,0,,0
안아줘요,2022,11,3193,2229,4423,3464,1632,982,1807,3450,3542,2395,185,1745,,1
어떻게 지평좌표계로 고정을 하셨죠?,2022,2,65,172,72,53,27,19,17,14,5,3,10,7,,0
엄청나게 마이 뉴 기어 하고 싶어~!!,2022,0,0,0,0,0,0,0,0,0,0,0,0,0,,0
고트,2022,2,4087,8393,15347,8345,4256,3388,5631,5364,6391,9034,4124,5383,,1
예쁘잖아,2022,11,61,88,63,62,100,96,81,83,56,43,40,84,,0
온 세상이 XXX다,2022,0,0,0,0,0,0,0,0,0,0,0,0,0,,0
오히려 좋아,2022,11,14757,17236,17035,20815,15310,16721,13791,9194,13996,8754,13363,7915,,1
와캬퍄헉농ㅋㅋ,2022,6,34,81,89,23,23,24,15,13,3,11,9,0,,0
울프는 겜알못이다,2022,11,62,131,44,20,14,8,5,4,8,4,9,7,,0
이게 팀이야?,2022,12,55,216,43,30,25,9,10,4,10,0,0,4,,0
이제는 더 이상 물러날 곳이 없다,2022,10,2243,1388,1284,507,246,184,271,130,49,147,62,106,,0
이지두댄스,2022,1,52,26,17,5,6,10,0,2,5,12,14,9,,0
재즈가 뭐라고 생각하세요,2022,0,0,0,0,0,0,0,0,0,0,0,0,0,,0
주변도르,2022,2,100,38,18,24,101,85,40,72,38,102,33,32,,0
추앙해요,2022,9,111,102,87,111,104,105,143,110,252,138,125,139,,0
평균 올려치기,2022,0,0,0,0,0,0,0,0,0,0,0,0,0,,0
하지만 빨랐죠,2022,2,8750,9167,13616,6294,4460,1827,145,246,273,131,116,95,,0
화성 갈끄니까,2022,7,5282,5391,9672,5998,4378,2148,62,183,203,227,159,77,,0
황시,2022,6,37,16,11,8,6,5,0,14,0,0,10,12,,0
Bing chilling,2022,0,0,0,0,0,0,0,0,0,0,0,0,0,,0
XX 그 잡채,2022,0,0,0,0,0,0,0,0,0,0,0,0,0,,0
~기견,2022,0,0,0,0,0,0,0,0,0,0,0,0,0,,0
무야호,2021,12,8151,10197,4491,3058,2332,2534,2508,3200,3387,4020,3314,2355,,1
팝캣,2021,0,0,0,0,0,0,0,0,0,0,0,0,0,,0
강아지 경찰 아저씨,2021,0,0,0,0,0,0,0,0,0,0,0,0,0,,0
포브스 선정 00,2021,11,9664,26040,57167,24812,6537,8905,10042,11285,13277,7401,6278,6807,,1
스윗중남,2021,3,375,571,564,720,733,1102,1562,192,1675,1331,1811,2026,,1
비트 밈,2021,0,0,0,0,0,0,0,0,0,0,0,0,0,,0
롤린,2021,3,1576,2603,1492,1337,770,538,396,270,197,221,104,63,,0
시무라 아주머니,2021,9,15,13,13,15,12,10,12,7,15,12,97,53,,0
멈춰!,2021,2,158,372,426,198,190,78,43,56,50,35,25,9,,0
마이야히,2021,0,0,0,0,0,0,0,0,0,0,0,0,0,,0
육군 we 육군,2021,0,0,0,0,0,0,0,0,0,0,0,0,0,,0
머니게임,2021,10,495,590,1899,689,336,117,115,273,18,0,0,0,,0
나락송,2021,4,25,53,172,42,29,10,11,0,11,9,0,14,,0
아라아라,2021,8,39,60,54,38,11,13,8,12,13,3,0,10,,0
흔한 여고생들의 뻘짓,2021,0,0,0,0,0,0,0,0,0,0,0,0,0,,0
근데 이제 뭐함?,2021,9,110,43,26,12,11,0,0,5,0,0,0,3,,0
넥스트 레벨,2021,7,967,721,1620,453,366,233,182,124,133,198,52,108,,0
굿바이 선언,2021,0,0,0,0,0,0,0,0,0,0,0,0,0,,0
제로투 댄스,2021,7,20,25,46,23,27,24,35,18,19,21,16,20,,0
한심좌,2021,9,7905,4482,3497,1989,1330,393,492,137,709,0,9,9,,0
샤방송,2021,0,0,0,0,0,0,0,0,0,0,0,0,0,,0
똥 밟았네,2021,7,36,25,30,26,33,53,35,45,39,104,32,27,,0
2020 도쿄 올림픽 픽토그램,2021,0,0,0,0,0,0,0,0,0,0,0,0,0,,0
활벤져스,2021,7,37,93,39,23,12,0,9,3,9,8,0,0,,0
소금소금소금팥팥팥,2021,0,0,0,0,0,0,0,0,0,0,0,0,0,,0
잭 오,2021,0,0,0,0,0,0,0,0,0,0,0,0,0,,0
그런건 없다 게이야,2021,4,43,77,45,27,13,11,0,10,14,11,0,5,,0
성윤모,2021,11,255,420,612,1035,977,1694,1821,1769,200,1654,1515,1480,,1
앙카 존 댄스,2021,0,0,0,0,0,0,0,0,0,0,0,0,0,,0
라고 할 뻔,2021,2,523,668,1073,2676,4415,5771,6193,5136,5948,6916,5716,9667,,1
설거지론,2021,7,323,147,181,88,35,32,8,6,13,10,0,6,,0
커다란 자갈돌은 짱돌,2021,0,0,0,0,0,0,0,0,0,0,0,0,0,,0
어쩔티비,2021,8,20494,21363,30523,18691,25285,18198,14245,9248,10682,12604,273,8501,,1
정상수,2021,5,33371,15355,15409,13401,9075,15493,10144,7737,4716,7785,7331,4999,,1
몰?루,2021,12,1239,3109,6278,4289,15378,19894,14763,19119,16529,24310,13067,19535,,1
북방코끓리바다표범,2021,12,60,5,0,10,9,0,9,5,0,4,3,4,,0
여자가⋯ 말대꾸⁈,2021,0,0,0,0,0,0,0,0,0,0,0,0,0,,0
요나요나 댄스,2021,0,0,0,0,0,0,0,0,0,0,0,0,0,,0
어느새부터 힙합은 안 멋져,2021,10,4126,8345,3633,2391,1026,298,140,100,90,38,36,23,,0
힘숨찐,2021,6,6702,9833,13723,10415,11128,8314,7852,8899,8306,12149,7931,7406,,1
사실이 아닙니다!,2021,9,39,48,31,24,38,23,22,17,14,21,13,22,,0
예쁘잖아,2021,7,182,255,289,89,52,20,9,11,11,0,0,0,,0
너도 오니가 되어라,2021,9,35107,26064,42341,69800,50443,37897,34938,34884,46551,60414,48089,37674,,1
우마이,2021,0,0,0,0,0,0,0,0,0,0,0,0,0,,0
코리아 화이팅!,2021,11,21,21,22,26,25,38,47,36,31,59,19,29,,0
오니기리 댄스,2021,0,0,0,0,0,0,0,0,0,0,0,0,0,,0
00이 웬말인가?,2021,4,674,761,221,156,107,34,84,31,66,100,24,91,,0
물소,2021,2,3684,11845,6505,5049,2327,1564,203,457,201,198,80,74,,0
가오가이,2021,4,1271,1073,2163,1270,1108,761,461,131,177,123,54,137,,0
"어, 나가",2021,4,1143,3029,1188,1365,812,406,162,445,73,8,16,3,,0
"어, 나락",2021,12,2544,2364,3953,2329,1034,466,780,176,206,142,46,30,,0
"아니, 잘 몰라요",2021,8,37,14,15,8,4,3,3,0,0,0,2,4,,0
저희가 많이 보죠,2021,10,10585,7068,4808,2321,1222,498,347,275,172,165,107,29,,0
그만큼 신나시는 거지,2021,11,2845,2611,4800,3391,3834,2613,2438,2380,2032,196,257,257,,1
가오리춤,2021,0,0,0,0,0,0,0,0,0,0,0,0,0,,0
김남홍이,2021,0,0,0,0,0,0,0,0,0,0,0,0,0,,0
메보좌 꼬북좌 왕눈좌 단발좌,2021,0,0,0,0,0,0,0,0,0,0,0,0,0,,0
밀보드,2021,4,611,748,206,304,139,53,120,31,117,61,115,38,,0
역주행,2021,2,235,260,364,488,952,1567,2606,2380,1710,2434,128,2546,,1
허수아비춤,2021,0,0,0,0,0,0,0,0,0,0,0,0,0,,0
빙빙 돌아가는 회전목마처럼,2021,12,1457,2216,1334,1325,373,363,287,186,225,87,55,17,,0
지금 제작진 표정 봐 미쳐,2021,11,46,43,160,25,45,46,43,51,55,28,36,46,,0
너어어어~,2021,10,47,48,44,45,23,44,33,33,48,40,61,60,,0
적시자~,2021,0,0,0,0,0,0,0,0,0,0,0,0,0,,0
슉 슈슉,2021,10,10062,11972,9276,8213,5990,5023,4255,5626,4632,3470,3874,4440,,1
믓찌다 믓찌다 우리언니,2021,6,38,20,21,22,24,29,91,29,32,30,38,24,,0
"잘봐, 언니들 싸움이다.",2021,0,0,0,0,0,0,0,0,0,0,0,0,0,,0
Hey~,2021,9,41,36,30,33,34,28,28,31,23,21,69,29,,0
우리가 제일 잘했고 제일 멋있었어 그럼 된거야,2021,0,0,0,0,0,0,0,0,0,0,0,0,0,,0
배신하면 죽는다,2021,1,18,12,11,38,67,14,14,16,15,9,9,12,,0
싫은데~?,2021,7,10,11,20,118,16,11,12,13,10,11,10,17,,0
명사수,2021,3,319,327,564,633,655,1258,143,1499,1243,1409,1242,184,,1
반말 하지마라,2021,9,167,320,448,802,1388,1422,1774,2297,1872,3063,2567,221,,1
보잡째,2021,11,211,811,609,353,161,94,135,52,56,24,13,95,,0
가챠걸,2021,0,0,0,0,0,0,0,0,0,0,0,0,0,,0
준비 됐나요? 자~ 그럼 부를게요,2021,6,0,0,0,0,0,0,0,0,0,0,0,0,,0
쉬는 시간에 공부하냐? 모범생인 척 하지마!,2021,0,0,0,0,0,0,0,0,0,0,0,0,0,,0
"제껴라, 광야로 걸어가",2021,0,0,0,0,0,0,0,0,0,0,0,0,0,,0
간바레 센빠이,2021,8,67,35,22,19,11,0,4,4,2,0,5,8,,0
검커렁,2021,0,0,0,0,0,0,0,0,0,0,0,0,0,,0
근하하하,2021,9,1741,1259,1519,1047,2087,2055,187,1726,121,262,1804,1736,,1
깻잎 논쟁,2021,10,260,999,441,471,310,114,213,134,59,57,63,96,,0
난 몰랐어 내 맘이 이리 다채로운지,2021,0,0,0,0,0,0,0,0,0,0,0,0,0,,0
내 루돌프,2021,0,0,0,0,0,0,0,0,0,0,0,0,0,,0
내가 없어져볼게,2021,11,149,115,106,186,71,100,103,211,192,239,206,122,,0
너 아직도 그 게임 하니?,2021,0,0,0,0,0,0,0,0,0,0,0,0,0,,0
너는나를존중해야한다,2021,5,41,26,39,18,20,12,7,3,4,0,15,8,,0
"당근을 흔들어주세요, 당근을 그려주세요",2021,0,0,0,0,0,0,0,0,0,0,0,0,0,,0
대유쾌 마운틴,2021,12,71,42,17,0,12,7,3,5,6,2,0,10,,0
딜레이 없이 1트만에 성공,2021,0,0,0,0,0,0,0,0,0,0,0,0,0,,0
딱 1분만 집중해서 들어봐,2021,0,0,0,0,0,0,0,0,0,0,0,0,0,,0
런,2021,12,14362,19779,33756,27935,24992,11019,12951,8521,11112,10134,10825,11334,,1
롱노즈,2021,1,36,49,36,16,12,0,0,13,0,0,0,3,,0
마기꾼,2021,3,15845,7861,2620,1136,374,208,143,63,28,10,40,41,,0
말씀 중에 죄송합니다,2021,3,1102,3600,1262,1216,1211,466,355,296,127,161,195,98,,0
메스가키,2021,0,0,0,0,0,0,0,0,0,0,0,0,0,,0
몽미,2021,0,0,0,0,0,0,0,0,0,0,0,0,0,,0
무야홍,2021,1,220,126,161,177,158,309,125,197,312,155,134,170,,0
무지성,2021,1,32058,28929,88448,46843,20227,26984,26835,17919,15324,18114,16272,14079,,1
문크 예거,2021,11,288,333,376,698,948,1378,2158,2311,3239,2430,1763,2112,,1
미대 떨어지고 자살한 사람,2021,0,0,0,0,0,0,0,0,0,0,0,0,0,,0
드가자,2021,4,53801,27259,32773,25991,13591,19246,9871,16227,22424,11540,14811,19239,,1
보잉보잉,2021,0,0,0,0,0,0,0,0,0,0,0,0,0,,0
"봐, 너랑 닮았지?",2021,0,0,0,0,0,0,0,0,0,0,0,0,0,,0
00은 사람을 찢어,2021,3,6610,5111,6318,3375,2436,1610,1728,1489,1399,1545,1494,1131,,1
소리 지르지 말고 박수쳐,2021,0,0,0,0,0,0,0,0,0,0,0,0,0,,0
수상한 정도로 00한 00,2021,4,324,286,78,83,28,20,24,37,65,25,6,78,,0
4컷 짤방,2021,0,0,0,0,0,0,0,0,0,0,0,0,0,,0
악으로 깡으로 버텨라,2021,8,53,48,44,141,68,42,72,84,59,48,64,48,,0
어드밴스드 듀라한,2021,0,0,0,0,0,0,0,0,0,0,0,0,0,,0
언웰컴 스쿨,2021,0,0,0,0,0,0,0,0,0,0,0,0,0,,0
에어맨이 쓰러지지 않아,2021,12,8015,4640,2126,1069,689,189,88,55,24,27,100,30,,0
울라리,2021,0,0,0,0,0,0,0,0,0,0,0,0,0,,0
이 아이가 배가 부르다는 느낌을 알까요?,2021,11,253,71,53,32,18,20,14,11,6,0,4,3,,0
이대로 괜찮은가,2021,11,284,896,420,225,247,183,119,83,101,35,30,57,,0
제가... 질문 하나를 드려도 되겠습니까?,2021,0,0,0,0,0,0,0,0,0,0,0,0,0,,0
좋은 질문? 지적? 암튼 감사합니다.,2021,0,0,0,0,0,0,0,0,0,0,0,0,0,,0
취직 잘되는 사회를 만들든가,2021,0,0,0,0,0,0,0,0,0,0,0,0,0,,0
코이츠,2021,6,7879,14707,34069,9432,6544,3841,127,54,280,217,116,74,,0
쿠소쿠무시,2021,0,0,0,0,0,0,0,0,0,0,0,0,0,,0
Factos,2021,0,0,0,0,0,0,0,0,0,0,0,0,0,,0
킹받네,2021,7,28476,18946,25899,18788,17346,20464,26542,24213,26287,24802,13173,15258,,1
킹받는다,2021,4,26893,25661,39721,37370,28818,29323,28871,23277,33559,40174,34816,33652,,1
한국인이 좋아하는 속도,2021,12,370,268,136,129,69,38,155,124,48,86,99,55,,0
화성 갈끄니까,2021,8,6431,8396,16583,13408,7107,2669,396,265,70,112,126,99,,0
64 bits 32 bits 16 bits 8 bits 4 bits 2 bits 1 bit,2021,0,0,0,0,0,0,0,0,0,0,0,0,0,,0
아임뚜렛,2020,11,503,1341,1072,1798,503,259,283,209,66,51,46,36,,0
그랜절,2020,4,8246,17284,12816,13847,7718,11421,7557,257,10649,5716,7140,6212,,1
지이잉,2020,4,17285,28535,49079,28488,34658,18888,24686,27275,38166,41195,31302,29373,,1
호박고구마,2020,7,3406,3993,3455,2252,1347,1174,46,116,88,90,56,71,,0
할카스,2020,6,3895,2214,932,702,362,173,73,45,10,17,53,47,,0
종로로 갈까요,2020,5,261,223,1144,816,397,267,283,124,275,13,0,0,,0
만희물,2020,2,19,18,26,22,27,41,26,28,48,45,31,30,,0
ㄷㄷㄷㅈ,2020,3,1424,2165,946,750,1818,2123,2788,4208,3309,2899,2248,3821,,1
나비보벳따우,2020,2,47569,38219,42336,47304,49866,60084,47815,48190,39868,41318,53289,40016,,1
미안하다 이거 보여주려고 어그로끌었다,2020,1,17494,28117,40654,30037,13331,14974,21109,28129,15618,10899,14557,6082,,1
관짝춤,2020,2,103,122,100,73,70,76,178,114,161,155,137,94,,0
나는 개인이오,2020,12,889,532,1204,740,428,240,160,146,107,161,66,58,,0
캬루,2020,0,0,0,0,0,0,0,0,0,0,0,0,0,,0
깡,2020,3,601,973,1390,2582,4189,4158,3974,4298,4784,6835,7436,6882,,1
펀쿨섹좌,2020,12,682,413,215,123,88,51,19,12,15,7,5,6,,0
엄준식,2020,9,20555,43746,32237,28200,23094,20004,13111,11251,10037,10786,6243,7099,,1
00은 사드세요 제발,2020,7,849,1158,1031,1330,1487,1081,1373,1911,2255,1886,2275,1396,,1
불 좀 꺼줄래?,2020,1,46006,42511,50687,48429,43646,35850,36718,47024,51531,34589,31134,160,,1
야 꿀벌,2020,9,6724,4341,11968,8349,6219,6087,4138,3268,3294,3132,2680,147,,1
군침이 싹 도노,2020,1,624,1819,1654,4227,6841,8722,11158,9668,12543,11269,16101,14603,,1
가짜사나이,2020,1,1234,883,1235,1938,4079,4884,10975,8571,7662,7674,10898,7140,,1
00를 알려주겠다,2020,5,23197,27764,28117,20806,14006,18151,19503,20547,21745,14761,18080,21223,,1
뒷광고,2020,10,10168,13212,7631,5202,4061,9447,10243,23279,13770,11176,6803,3421,,1
테스형!,2020,5,3908,8038,9073,6463,3289,1129,232,335,141,120,30,27,,0
돌리랑 도트가 제일 좋아,2020,9,21,43,24,53,46,68,52,44,65,53,160,64,,0
사실을 오래전부터 당신 같은 00를 기다려 왔다우,2020,7,179,97,58,24,8,0,9,10,10,0,3,2,,0
제주도 찐 사투리,2020,11,96,61,80,21,28,13,6,0,0,8,0,6,,0
다메다메,2020,10,26592,32431,77294,54842,31692,27841,24888,14068,12966,12187,14120,8762,,1
훈발놈,2020,4,4907,10568,8647,2769,2004,1364,628,198,158,21,18,10,,0
세뇌교육,2020,5,122,116,118,173,139,98,79,78,153,67,84,114,,0
뭉탱이,2020,8,487,613,1718,3606,2031,705,929,664,1112,2459,1035,775,,1
난 너가 줏대있게 인생 살았으면 좋겠어,2020,0,0,0,0,0,0,0,0,0,0,0,0,0,,0
치즈분수,2020,2,420,246,704,288,129,81,64,114,41,132,189,49,,0
한국인이 좋아하는 속도,2020,6,957,1559,2685,2574,840,649,574,93,62,127,122,69,,0
하츠네 형돈,2020,0,0,0,0,0,0,0,0,0,0,0,0,0,,0
Pop Cat,2020,0,0,0,0,0,0,0,0,0,0,0,0,0,,0
당연히 말이 되죠,2020,1,62,57,102,110,94,108,150,64,88,78,67,242,,0
버스 안에서,2020,8,75,38,26,12,18,9,14,0,0,5,9,3,,0
너 인성에 문제 있어?,2020,6,2472,2352,4785,3535,2696,1498,2261,1384,1219,1220,239,138,,1
반으로 죽일 거야.,2020,11,14322,5294,2609,951,336,136,101,26,35,48,13,22,,0
니팀버려,2020,8,1689,2237,4516,7343,12908,16234,15050,18823,10004,8664,20435,23014,,1
개인주의,2020,3,15630,13779,8451,6832,5693,3664,2874,3951,3870,2293,1834,1712,,1
축제가 아니라 장례식입니다,2020,2,118,47,22,22,5,2,4,8,9,0,10,0,,0
나비 효과,2020,5,1037,1304,1873,1271,448,246,187,287,171,60,173,110,,0
화려한 조명이 나를 감싸네,2020,11,1431,690,2636,1746,882,336,170,136,124,163,81,25,,0
1일 00깡,2020,3,1600,3293,4771,10344,8738,10492,9754,10493,18392,17807,19713,19245,,1
정치를 좀 대국적으로 하십시오,2020,1,1843,838,3727,2162,677,634,289,228,250,10,14,0,,0
임자 하고 싶은 대로 해,2020,3,305,50,69,21,19,20,6,0,0,10,0,0,,0
내돈내산,2020,10,1400,1654,1893,2562,3750,6987,5116,5505,7043,6206,7832,6202,,1
앞광고,2020,5,79,179,227,144,62,13,0,10,11,14,5,13,,0
진짜 세계관 최강자들의 00이다.,2020,3,5727,10417,3982,3573,2166,1175,899,258,185,30,5,0,,0
00 수준 실화냐?,2020,6,34746,24178,40880,25309,18578,20497,21973,17474,27052,15482,15614,20763,,1
가슴이 웅장해진다,2020,8,14894,21894,20355,11043,6160,4230,7763,13278,31550,10897,7114,6569,,1
살천지,2020,9,30,122,20,26,29,42,60,48,32,218,25,18,,0
역병앓이,2020,10,125,67,16,16,6,0,3,8,6,0,12,0,,0
제사장이 코앞,2020,0,0,0,0,0,0,0,0,0,0,0,0,0,,0
나 이러면 진짜 섭섭해,2020,7,388,187,127,63,27,16,16,0,10,8,0,0,,0
나 진짜 한마디만 할게요,2020,9,110,254,69,32,34,15,10,9,9,6,0,0,,0
Yesss,2020,0,0,0,0,0,0,0,0,0,0,0,0,0,,0
찜 쪄 먹기,2020,6,20,24,24,11,20,17,12,13,17,17,12,15,,0
아잇! 어! 푸르르르르~,2020,0,0,0,0,0,0,0,0,0,0,0,0,0,,0
넣을게,2020,3,10229,7591,6706,4335,2854,1650,1595,1789,1438,274,1188,230,,1
코스크,2020,7,9,11,83,12,14,21,18,19,13,12,8,9,,0
턱스크,2020,1,234,325,294,295,93,86,36,30,26,12,20,0,,0
확찐자,2020,5,459,358,858,410,330,151,177,156,47,41,99,46,,0
흥캬삐,2020,5,64,115,19,20,10,20,0,0,0,8,4,0,,0
죄송합니다,2020,2,4206,6903,12288,24360,16020,10333,8041,15269,11812,6043,4928,5207,,1
케경호,2020,1,50,133,69,16,8,9,9,11,14,0,0,7,,0
"벌써 떨리는군^^, 감히 나 주단태를!",2020,0,0,0,0,0,0,0,0,0,0,0,0,0,,0
강조되고 반복되는 소리는 강아지를 불안하게 해요,2020,0,0,0,0,0,0,0,0,0,0,0,0,0,,0
겜안분,2020,8,117,142,150,238,215,181,233,205,107,231,214,153,,0
관상드립,2020,12,69,56,82,43,30,0,9,0,15,9,0,0,,0
국룰,2020,7,23190,24788,26034,16146,15924,7683,10953,10581,9756,6847,6496,6112,,1
그 긴거,2020,10,1124,1273,1815,2750,2395,1129,1530,3632,2809,1304,223,259,,1
그게 나야~ 둠빠둠빠 두비두바,2020,0,0,0,0,0,0,0,0,0,0,0,0,0,,0
그댄 운명을 믿소?,2020,10,43,16,22,25,31,43,28,105,28,155,19,20,,0
긁다,2020,6,607,2057,817,846,237,158,150,38,122,32,57,116,,0
금융치료,2020,7,7289,13817,9786,6822,5332,3344,2883,2124,1181,1332,1198,263,,1
"나가지 말라면 나가지 마, 밥 먹지 마, 모이지 마",2020,0,0,0,0,0,0,0,0,0,0,0,0,0,,0
너희들 나 못 이겨,2020,3,29,35,33,32,52,115,38,52,39,49,63,68,,0
느슨해진 한국힙합에 긴장감을 주는 것 같다,2020,8,3161,2357,1327,640,279,146,220,37,17,4,0,0,,0
능지,2020,9,1365,1154,1563,2020,4186,4557,6634,6289,7072,5205,4411,6612,,1
닌자 몰살 엔딩,2020,0,0,0,0,0,0,0,0,0,0,0,0,0,,0
많관부,2020,8,20580,31671,14957,16544,13343,18716,35650,53623,24080,12505,15797,124,,1
맑은 눈의 광인,2020,10,737,1274,703,296,214,87,65,72,114,131,140,92,,0
머선 129,2020,10,3933,10281,8289,4283,2669,1534,31,115,153,42,6,11,,0
머선 일이고,2020,3,1377,6295,3277,1335,755,348,164,96,45,81,63,55,,0
몽미,2020,6,202,152,204,290,115,72,43,39,21,10,21,5,,0
바선생,2020,12,1740,5329,4374,2952,1867,2243,2199,1162,1424,914,149,705,,1
범 내려온다,2020,1,164,140,209,126,143,94,89,60,113,146,130,137,,0
사랑에 빠진 게 죄는 아니잖아!,2020,0,0,0,0,0,0,0,0,0,0,0,0,0,,0
사실은 오래전부터 당신 같은 00를 기다려 왔다우,2020,0,0,0,0,0,0,0,0,0,0,0,0,0,,0
사이버 렉카,2020,12,1774,2929,7404,4669,1887,641,155,96,45,58,71,19,,0
사회적 거리두기,2020,2,273,244,199,202,142,117,113,114,176,134,190,203,,0
소설,2020,5,3179,1615,3839,2018,794,396,128,53,50,24,0,20,,0
심기체론,2020,5,43,66,53,35,7,10,0,3,2,9,10,9,,0
쓰다듬기 밈,2020,0,0,0,0,0,0,0,0,0,0,0,0,0,,0
00이 복사가 된다고,2020,9,444,330,373,586,672,879,976,1414,1370,1299,1040,940,,1
아무 노래나 일단 틀어,2020,5,221,331,571,220,287,75,140,152,132,52,34,114,,0
아주 온갖 생쇼가 다 벌어졌었구나,2020,0,0,0,0,0,0,0,0,0,0,0,0,0,,0
알잘딱깔센,2020,9,1698,3049,7733,12617,5299,4669,5005,3393,5060,12644,5221,5257,,1
야스,2020,2,24046,22285,18264,13933,10868,19449,15294,22301,12809,11595,11412,14557,,1
우린 이것을 얼음이라 부르기로 약속했어요,2020,0,0,0,67,13,4,0,9,50,0,7,8,4,,0
워싱 칭따오,2020,3,3901,6697,11979,6784,6640,5431,260,112,127,159,122,127,,0
이건 못 참지,2020,8,5092,15286,4836,4549,5328,6071,12657,4663,1797,1814,1999,1715,,1
이제는 더 이상 물러날 곳이 없다,2020,1,9253,4993,18036,12472,7906,5553,300,284,107,292,219,152,,0
인디홈,2020,0,0,0,0,0,0,0,0,0,0,0,0,0,,0
임포스터,2020,3,4070,25293,8382,2897,1671,875,302,147,128,41,35,33,,0
잼민이,2020,3,34400,35451,58596,45473,35588,16235,36880,15955,16260,13342,16436,15105,,1
정신나갈것같애,2020,11,416,181,100,66,34,21,19,9,0,9,4,3,,0
종로로 갈까요 명동으로 갈까요,2020,0,0,0,0,0,0,0,0,0,0,0,0,0,,0
치료가 필요할 정도로 심각한 '도박 중독증' 입니다,2020,0,0,0,0,0,0,0,0,0,0,0,0,0,,0
치키치키차카차카초코초코초,2020,1,41,134,54,25,7,6,9,10,7,0,0,3,,0
큰거온다,2020,3,60852,36081,25410,24075,19340,19065,19006,14781,19972,9837,13068,11516,,1
테스형도 모른다고 하네요,2020,1,48,27,13,15,0,4,3,5,0,8,12,6,,0
텐션,2020,6,3376,9194,5594,2690,2778,4134,3904,6608,16003,5572,3782,4480,,1
한국인들은 베트남이 발전하는 것을 두려워합니까?,2020,0,0,0,0,0,0,0,0,0,0,0,0,0,,0
해줘,2020,10,1283,1607,2073,2678,3074,8150,9822,9916,18437,11038,10172,13256,,1
훠훠훠,2020,11,3086,1025,452,274,135,69,52,16,28,33,5,0,,0
ㅋㅋ루삥뽕,2020,6,6245,7695,5274,2364,2810,1631,43,180,71,30,32,16,,0
hoxy,2020,2,496,333,478,630,640,841,129,948,785,861,209,784,,1
K-00,2020,5,22783,18841,51149,79681,41510,27124,16771,70291,73417,40696,25540,27360,,1
00에 진심인 편,2020,3,11217,11722,8620,10642,11801,9465,9615,14205,10699,11352,8956,10657,,1
point 드립,2020,0,0,0,0,0,0,0,0,0,0,0,0,0,,0
00하하하,2020,5,957,2838,2601,1118,583,471,776,76,70,8,0,3,,0
치피치피 차파차파,2024,3,43,24,58,40,31,12,18,10,0,5,8,6,,0
꽁꽁 얼어붙은 한강 위로 고양이가 걸어다닙니다,2024,8,90,162,133,161,131,140,134,66,81,82,120,143,,0
탕후루는 차갑다,2024,6,6374,3220,2791,1573,1608,1607,1888,1298,982,232,892,992,,1
국가권력급,2024,5,1565,1591,2631,2576,3990,4789,5812,7075,4831,5659,4456,7051,,1
밥똥던,2024,10,73,141,82,206,131,135,138,165,180,117,90,149,,0
한잔해,2024,5,1180,1497,1348,2647,2978,5521,4741,8662,10229,7448,10064,7471,,1
캣냅,2024,9,2255,1947,4442,1252,1159,407,824,129,101,9,0,0,,0
브링방방,2024,8,171,199,309,72,25,21,13,5,9,11,10,5,,0
00은 계획대로 되지 않아,2024,10,1682,989,1724,715,788,745,244,161,249,180,161,132,,0
밤양갱,2024,9,20066,40256,26259,33442,23995,13287,12298,7208,5317,8899,5692,5985,,1
원영적 사고,2024,7,368,466,759,438,1080,1013,143,1335,1555,200,177,1303,,1
야레야레 못말리는 아가씨,2024,4,41,66,121,31,38,22,11,2,12,12,0,3,,0
포켓몬 댄스,2024,9,61,56,34,11,5,0,15,6,13,5,6,0,,0
꽁꽁 얼어붙은 한강 위로,2024,5,745,294,1383,342,272,246,226,141,72,73,160,125,,0
난 대학시절 묵찌빠를 전공했단 사실,2024,1,392,697,388,388,253,156,246,80,98,63,24,53,,0
어디출신?,2024,12,801,2159,1234,579,373,205,201,360,56,0,4,0,,0
미시시피,2024,11,120,90,53,23,10,11,9,9,9,0,6,12,,0
어라운드 더 월드,2024,11,53,31,28,7,19,9,3,0,9,13,0,0,,0
좌뇌 우뇌 전두엽,2024,10,34,22,35,65,40,26,25,32,26,12,12,35,,0
맞다이로 들어와,2024,8,106,40,21,13,0,10,4,6,15,6,0,9,,0
럭키비키,2024,1,4461,5614,9593,7015,4343,6484,11194,7509,4295,2227,4073,2596,,1
평화누리특별자치도,2024,1,26,14,9,3,9,0,0,9,0,0,9,3,,0
직구 금지,2024,7,774,865,570,510,215,149,81,66,122,0,0,0,,0
점심을 든든히 먹어두어라 저녁은 지옥에서 먹을테니,2024,0,0,0,0,0,0,0,0,0,0,0,0,0,,0
마라탕후루,2024,1,399,402,460,388,1278,958,1414,1312,1711,2103,1794,1417,,1
정상화,2024,9,7820,7172,11462,8674,10373,8825,7269,233,9350,9399,10631,8512,,1
팩트는 00라는 거임,2024,4,7753,3167,15612,6146,3646,1178,124,144,45,5,4,0,,0
수수수수퍼노바,2024,11,3593,24258,11235,3822,1814,786,127,41,82,84,28,27,,0
츠긍슴승 승르흐르르,2024,10,99,83,57,57,68,198,121,138,105,118,198,90,,0
시카노코노코노코코시탄탄,2024,6,6,7,7,6,5,0,5,5,9,10,0,12,,0
티라미숙해,2024,5,427,719,447,726,813,900,904,220,825,1128,151,229,,1
티라미수 케익,2024,6,115,165,269,417,520,726,1138,226,873,167,1151,948,,1
하루만 기다리면 00가 나와요!,2024,4,146,355,228,147,230,159,160,126,98,105,137,208,,0
뉴진스럽다,2024,3,138,129,315,159,90,32,19,13,8,8,7,9,,0
폴라레티,2024,8,176,57,76,14,19,10,3,0,8,0,8,0,,0
신창섭,2024,3,11590,9205,16931,8496,4312,1131,217,59,173,64,66,9,,0
네 기꺼이,2024,4,6857,4265,2657,1475,783,807,447,554,115,32,9,0,,0
외모 췤!,2024,11,2871,2177,5055,2483,1360,701,618,120,67,0,7,0,,0
쿵쿵따,2024,6,195,141,85,55,24,12,66,41,60,69,102,0,,0
미룬이,2024,6,2467,3266,6295,2100,1702,1085,860,116,58,204,130,144,,0
조이는 보이,2024,6,688,1820,1238,498,310,383,31,209,145,126,75,111,,0
창팝,2024,4,76,59,185,117,28,17,6,17,5,8,0,8,,0
다 해줬잖아,2024,7,9974,14012,6592,3607,1126,611,225,158,115,21,22,23,,0
바로 리부트 정상화,2024,8,20,23,25,36,31,35,41,33,30,59,20,20,,0
이해가쏙쏙되잖아리슝좍아,2024,7,72,75,29,23,16,7,0,9,11,0,9,9,,0
유빈양,2024,6,128,157,131,47,17,22,18,10,5,5,8,7,,0
퍽 아디다스,2024,12,1839,432,410,202,182,36,69,140,92,8,170,195,,0
개고기 미트볼,2024,4,530,413,1330,767,557,258,143,58,116,167,39,46,,0
두 수 앞,2024,4,16,15,55,26,16,11,8,0,0,0,12,0,,0
두들 댄스,2024,0,0,0,0,0,0,0,0,0,0,0,0,0,,0
제로 산소,2024,12,85,38,31,13,14,3,4,13,12,11,0,8,,0
마루는 강쥐,2024,11,105,217,136,130,161,170,105,149,101,106,67,189,,0
영역 전개,2024,4,12711,11461,30577,24481,12568,11134,7949,8808,5798,3876,4056,3885,,1
그럼 죽어,2024,2,2717,5561,3892,2941,1320,811,287,269,581,38,11,9,,0
봇이지 뭐,2024,8,2003,978,755,366,199,154,246,121,99,251,111,136,,0
괜찮아 딩딩딩딩딩,2024,7,9973,5177,2933,1326,480,309,198,77,58,58,21,49,,0
갈까말까,2024,2,4855,11720,5755,3587,2962,1368,102,197,114,18,19,9,,0
도파민,2024,8,11225,15083,4897,8787,5070,3566,4485,10144,14938,8191,4400,5600,,1
떳떳하면 가만히 있으면 된다,2024,7,537,401,1027,554,345,348,28,192,227,58,159,56,,0
억울한 남자,2024,6,864,267,166,97,59,22,50,84,51,111,123,175,,0
개저씨,2024,9,22712,50844,29438,10694,11716,7032,9266,23307,15714,5927,7477,5452,,1
즐거우시냐구요,2024,5,614,1416,626,548,515,251,135,123,73,36,60,59,,0
돈키호테 도플라밍고,2024,3,18,11,60,13,27,29,112,20,37,66,22,19,,0
도황,2024,3,19566,14123,12338,10134,7227,7996,7223,5523,4273,6199,6573,4668,,1
젤란아 와이파이 꺼라,2024,4,285,98,61,23,20,13,12,0,0,8,15,5,,0
젠장 00 난 네가 좋다,2024,4,13135,6851,24069,7275,4696,1837,300,100,133,118,93,75,,0
몽정규,2024,4,128,150,316,165,117,100,44,107,60,119,72,136,,0
축구의 시대,2024,9,58,74,105,53,76,31,51,35,39,50,62,48,,0
리 미제라블,2024,9,33,108,29,34,19,18,21,22,28,31,37,23,,0
사탄의 혈육,2024,0,0,0,0,0,0,0,0,0,0,0,0,0,,0
앱솔칼리버,2024,7,29,117,73,22,16,8,16,13,11,7,0,0,,0
쌀숭이,2024,6,50,30,27,21,20,19,40,52,26,25,42,28,,0
온 세상이 리선족,2024,6,38,62,84,32,39,26,13,8,3,0,6,9,,0
00창섭,2024,9,267,151,164,240,175,223,282,190,107,118,159,113,,0
대재학,2024,12,73,109,34,22,14,8,0,0,11,0,0,4,,0
00선족,2024,10,12,32,12,8,3,0,4,0,10,13,8,3,,0
메벤남,2024,4,144,127,128,81,102,84,90,226,62,62,107,110,,0
메숭이,2024,11,54,48,41,42,41,68,82,55,76,39,71,48,,0
이 또한 00의 은혜겠지요,2024,10,1382,1041,690,517,237,139,87,183,53,86,18,12,,0
"제발 생각을 해!! 생!! 각!! 왜 우리는 좌뇌, 우뇌, 전두엽!! 다 있는데!! 왜 생각을 못하는걸까??",2024,0,0,0,0,0,0,0,0,0,0,0,0,0,,0
KC 인증 00,2024,6,63,53,60,98,70,116,99,51,43,35,71,45,,0
00은 너무 어려워,2024,12,18,20,25,25,18,16,43,19,21,27,29,27,,0
00핑,2024,12,131,76,115,78,57,57,62,68,76,52,119,59,,0
T라 미숙해,2024,4,71,135,65,54,101,53,112,70,84,58,51,239,,0
여우가 범의 허리를 끊었다,2024,9,44,37,44,94,170,36,29,22,96,36,50,22,,0
험한 것이 나왔다,2024,7,772,1192,420,217,214,63,117,35,164,13,26,49,,0
머리를 내리쳐요,2024,11,36,49,75,29,22,5,4,0,7,8,5,0,,0
생각만 해도 너무 즐거워요,2024,4,54,40,70,45,19,18,14,13,0,10,5,0,,0
해병문학,2024,8,9,0,10,17,123,14,15,16,14,12,13,9,,0
이런 햄버거가 싹 식어 버렸잖아,2024,0,0,0,0,0,0,0,0,0,0,0,0,0,,0
도와줘요 함박아 해병님,2024,0,0,0,0,0,0,0,0,0,0,0,0,0,,0
00속도로 달려왔습니다,2024,2,3989,7018,5791,2622,2300,1739,1436,1776,1893,1236,1177,261,,1
이븐,2024,1,45700,23577,26005,16271,11362,8054,6487,12503,6144,13244,6648,5248,,1
채소의 익힘 정도,2024,6,569,783,1747,1029,644,554,766,371,770,1422,1135,364,,1
보류 드리겠습니다.,2024,11,121,146,156,252,523,638,965,1074,1358,267,902,207,,1
오늘 급식 메뉴는 뭔가요?,2024,12,3389,6027,4439,1231,603,266,109,88,50,18,51,0,,0
고종원,2024,2,27356,11563,4659,3139,1833,723,113,271,151,101,43,28,,0
고죠 백토루,2024,5,416,337,489,664,605,836,933,971,1363,974,799,186,,1
이 음식은 00주자,2024,3,1292,956,298,120,52,23,133,37,96,126,5,69,,0
료이키 텐카이,2024,4,742,969,890,512,141,93,62,132,108,38,138,0,,0
근데 이제 00을 곁들인,2024,11,496,1261,2764,3795,9713,10406,15984,18575,21844,16222,16174,11659,,1
"나야, 들기름",2024,1,4863,3164,1507,811,672,289,159,77,449,0,5,0,,0
나야 00,2024,7,54816,52477,31417,43744,22863,41312,41090,51118,48996,36612,39122,219,,1
물고기,2024,6,9549,5836,1887,1738,520,441,530,238,44,7,14,4,,0
빠스잖아?,2024,2,3502,2678,6253,4318,4609,1477,59,65,47,40,23,3,,0
조이보아씨 여기로 내려와봐유,2024,7,621,1649,686,697,477,147,189,96,106,67,60,76,,0
준비되었어유?,2024,8,1542,977,472,470,194,107,117,92,131,115,66,30,,0
우리 동네는 밤마다 울려 총성,2024,5,191,285,326,215,173,118,90,208,128,24,74,90,,0
아파트 아파트 아파트 아파트,2024,3,373,722,1210,719,315,144,168,135,67,52,66,43,,0
먼저 움직이는 사람은 게이,2024,0,0,0,0,0,0,0,0,0,0,0,0,0,,0
다른 멤버들은 놀랄만큼 못생겼음,2024,0,0,0,0,0,0,0,0,0,0,0,0,0,,0
공을 네모 안에 넣어,2024,6,146,197,121,150,131,66,98,205,216,235,145,139,,0
너 기미지비자나,2024,9,16,149,17,21,27,14,39,19,19,18,21,20,,0
도영아 니땀시 살어야,2024,1,329,447,2048,498,190,147,102,151,28,0,0,0,,0
도니살,2024,1,72,55,18,8,13,19,0,0,0,0,4,11,,0
야구를 누가 즐겁게 봐요,2024,7,819,4369,2009,1269,583,414,47,406,91,8,20,0,,0
투마카세,2024,6,1101,564,406,249,248,92,64,103,35,59,121,7,,0
매그내릭,2024,10,2071,1623,525,482,207,196,74,123,72,81,29,176,,0
이해가 되셨을까요?,2024,5,59,96,77,140,81,121,75,99,88,64,69,107,,0
계몽령,2024,3,904,377,204,154,58,53,39,106,197,14,24,90,,0
하느님이 Bow하사 우리나라만 쎄,2024,0,0,0,0,0,0,0,0,0,0,0,0,0,,0
00이 되,2024,2,10589,10679,3737,1169,863,468,359,168,273,0,0,0,,0
00하게 되,2024,3,5029,12047,11779,5948,2883,2084,200,26,175,12,11,14,,0
각자도생,2024,3,32,22,16,12,0,0,13,0,0,0,0,0,,0
긁,2024,7,23088,44680,29046,19152,29620,21693,31179,52531,25346,20467,13684,16811,,1
김쁠뿡,2024,7,101,160,47,44,18,7,12,7,7,3,2,8,,0
까탈레나 피크민,2024,2,24,25,12,12,15,13,27,27,21,25,16,33,,0
나거한,2024,5,756,1387,458,715,188,147,186,68,31,91,32,71,,0
난 대학시절 000을 전공했단 사실,2024,7,3584,14432,14990,7198,1933,1083,292,122,92,43,63,27,,0
뉴진스님,2024,4,85,146,138,191,78,112,46,157,104,99,53,94,,0
러닝 크루,2024,1,2492,1266,265,215,78,48,146,11,0,0,0,0,,0
로스트 미디어,2024,4,88,103,51,67,75,59,30,135,78,115,101,141,,0
마인크래프트인데,2024,5,2204,2151,679,254,128,106,158,85,35,47,96,91,,0
억까,2024,10,22130,25478,31212,25762,29781,21583,16423,29696,40792,36970,26276,27488,,1
암파인 괜찮아,2024,6,256,366,272,209,119,51,141,41,80,72,12,66,,0
앙딱정,2024,11,81,51,72,80,33,13,7,14,12,2,3,0,,0
야흐야 사리 연설,2024,8,105,89,108,25,20,8,16,0,0,0,6,0,,0
어메이징 디지털 서커스,2024,0,0,0,0,0,0,0,0,0,0,0,0,0,,0
어제 내 세상이 무너졌어,2024,5,38,22,31,31,20,24,38,42,33,102,54,31,,0
오야스미,2024,4,5616,8009,9814,6382,4234,3575,2171,1541,898,935,840,173,,1
오카네카세구,2024,11,74,108,40,24,21,7,9,2,4,3,3,0,,0
00게이,2024,2,1025,1676,1928,7708,8515,12156,13585,17558,15602,12174,10567,17556,,1
이것뭐에요?,2024,9,34,30,25,20,19,18,24,24,24,30,47,44,,0
이대로 괜찮은가,2024,9,97,30,116,56,53,53,62,104,71,59,77,58,,0
이머전시,2024,1,361,374,480,628,927,991,275,1125,1387,1108,136,1495,,1
자낳괴,2024,9,8527,9038,10395,9846,7329,7781,8942,12382,12195,9869,7854,6232,,1
자중해,2024,9,1165,2096,2354,1129,387,451,241,195,198,84,152,19,,0
짜치다,2024,10,28719,27447,28172,21731,15024,14822,10437,12134,8374,6575,7238,11227,,1
천룡인,2024,1,1037,3194,1915,1249,537,438,276,261,128,160,62,28,,0
크아악 롤랑,2024,7,35,47,23,39,35,35,22,23,25,23,32,42,,0
테무산 00,2024,3,1130,574,2278,1000,434,320,257,161,78,133,51,16,,0
테토리스,2024,7,27,31,27,34,30,30,15,22,15,22,21,34,,0
00바오,2024,2,5562,3556,3682,2512,1566,1779,1642,1178,1538,1070,1473,843,,1
00처럼 달러왔습니다,2024,5,519,607,1053,1818,3027,3824,6759,4587,149,4985,5286,5537,,1
멋지다 연진아,2023,7,47,36,36,31,31,26,36,25,17,34,33,29,,0
뉴진스의 하입보이요,2023,11,328,335,1179,628,390,277,134,62,198,71,95,36,,0
우리 엄마엄마가,2023,4,2849,1905,790,633,575,308,344,147,183,203,137,50,,0
마따끄,2023,5,370,476,389,248,98,80,248,29,9,0,0,0,,0
나문희의 첫사랑,2023,7,821,499,381,128,124,72,56,36,361,0,0,0,,0
나이트 댄서,2023,6,27,36,27,27,9,20,9,9,0,14,0,11,,0
고도로 발달한 00는 00와 구분할 수 없다,2023,9,5509,1616,1292,706,327,136,84,133,45,0,0,0,,0
문단속,2023,4,200,262,412,801,1543,1276,2390,2170,2745,2153,2311,2138,,1
뽀삐뽀삐뽀 뽀삐뽀,2023,2,19,57,16,22,19,11,83,14,10,12,11,9,,0
해피캣,2023,6,20600,8261,4479,1478,1396,545,318,385,76,8,4,3,,0
이궈궈던,2023,4,745,789,1840,2436,3951,4984,6442,6309,3937,6686,5445,6490,,1
아디아디아디,2023,4,26,21,21,18,10,66,22,12,27,20,28,32,,0
강풍 올백,2023,6,44,68,54,50,18,9,11,4,8,3,13,7,,0
00한 건에 대하여,2023,7,2437,3687,3304,2387,957,463,465,85,126,72,70,32,,0
너 T야?,2023,7,2503,7774,3287,4425,1196,1227,567,345,117,137,31,53,,0
크아아악! 00아!,2023,11,38,62,50,33,26,46,31,34,42,20,45,58,,0
아오 페리시치,2023,8,90,123,282,126,45,27,6,23,14,0,3,5,,0
좋았어 영차,2023,4,3049,8840,5992,5179,2231,636,394,172,420,20,7,3,,0
LK-99,2023,2,12559,19884,10124,9995,10062,5046,7057,3237,3163,3399,3103,127,,1
초전도체,2023,9,60981,45046,39181,29153,24256,13948,12962,13562,16287,12294,6741,125,,1
인생 하드모드,2023,4,71,49,43,42,62,129,36,51,84,72,60,54,,0
어 맞아맞아 놀랍지만 그건 사실이야,2023,9,462,876,1210,847,292,178,67,131,119,174,50,30,,0
피어나 너 내 도도독,2023,3,15247,7320,2215,963,554,314,152,82,29,61,29,13,,0
워싱시,2023,12,34477,30221,16802,8065,11280,12284,13784,19874,35639,83612,35483,24843,,1
슬릭백,2023,9,43203,27901,29142,30664,37402,39038,28077,43317,34249,42905,36336,40789,,1
"잘 가라, 최강. 내가 없는 시대에 태어났을 뿐인 범부여",2023,0,0,0,0,0,0,0,0,0,0,0,0,0,,0
I am신뢰에요,2023,12,3319,10936,6606,3011,1310,1052,397,160,95,96,47,46,,0
I am 00에요,2023,6,37207,25666,25459,28758,30857,47599,25631,20377,17248,36678,38072,31212,,1
똑똑한 청년,2023,6,2209,4774,3881,2223,2222,1888,2158,1645,138,2157,1200,1772,,1
장충동왕족발보쌈,2023,4,7580,5201,6875,7501,3602,4693,4511,2951,3017,3214,3692,3753,,1
럼자오자레,2023,4,14,65,24,20,22,152,16,16,17,60,12,110,,0
당근칼,2023,7,95,86,162,52,109,136,85,122,93,106,156,72,,0
기습숭배,2023,7,1238,2011,1972,1783,3387,6016,7352,5844,7046,6136,9042,5796,,1
나 00인데 개추 눌렀다,2023,8,745,1499,428,575,111,106,38,167,11,0,0,0,,0
00에서 연락옴,2023,1,399,114,61,45,25,9,0,5,0,9,0,6,,0
치피치피 차파차파,2023,10,14,26,108,21,13,9,11,9,8,14,15,15,,0
전두광,2023,5,1302,3403,2362,1525,1422,1073,1002,2399,2476,1640,124,927,,1
00햄,2023,8,8425,4573,4894,1888,1650,1332,1769,1372,1530,1240,199,206,,1
근데 이제 뭐함?,2023,9,404,1181,1212,457,302,339,218,190,59,74,47,81,,0
강해린 이상하다,2023,12,39,21,20,14,15,10,4,3,5,3,5,16,,0
하입보이요,2023,4,14297,7067,3706,1493,552,328,339,99,247,7,0,0,,0
나 지금 되게 신나,2023,12,107,109,98,122,160,128,99,55,128,115,58,99,,0
네 덕분이야 연진아,2023,3,29,26,40,40,37,51,45,35,52,90,36,28,,0
"멋지다, 연진아!",2023,12,16,14,25,16,20,8,0,13,128,12,9,13,,0
알아들었으면 끄덕여,2023,6,255,367,211,163,68,30,66,94,34,56,142,96,,0
오늘부터 내 꿈은 너야,2023,9,125,64,31,34,48,79,36,24,168,26,43,45,,0
이사라가 니 남친이야?,2023,11,24,13,38,24,31,25,31,35,17,25,19,22,,0
차 타고요,2023,5,213,216,94,65,31,40,7,7,11,3,0,0,,0
00 비상 00따운 00나와,2023,7,224,529,313,125,74,22,45,18,30,167,66,113,,0
00 따운,2023,1,866,1448,1774,2397,2271,2015,2290,1429,1358,1074,195,835,,1
대00,2023,6,36673,63502,38359,22942,26276,30867,21298,33243,48469,28794,30529,15319,,1
새삼 00가 대단하다고 느껴지네,2023,4,1036,360,212,140,49,24,244,0,3,0,0,0,,0
00은 00에게 지지 않습니다,2023,3,250,187,262,239,165,146,225,232,168,268,202,145,,0
맑눈광,2023,7,16348,26832,26335,14117,13162,10588,12217,8628,9245,10202,6304,4627,,1
맑은 눈의 광인,2023,11,1045,966,1575,1978,2545,3625,4416,4050,5019,3901,6328,5473,,1
그 이왕이면 혁명이란 멋진 단어를 쓰십시오,2023,3,59,49,10,12,9,0,8,7,0,2,8,3,,0
세상은 그대로야,2023,3,128,46,19,11,0,10,12,3,0,10,0,5,,0
실패하면 반역 성공하면 혁명,2023,3,81,106,92,91,125,160,128,170,208,89,151,88,,0
오늘 밤은 여기가 최전방이야,2023,10,98,48,28,19,9,15,0,0,3,7,7,7,,0
너 하나회야,2023,4,383,580,150,112,72,19,142,109,35,34,51,44,,0
내가 니들 상관의 상관이야,2023,6,92,76,68,53,72,56,75,120,139,115,109,57,,0
우이빔,2023,9,1629,974,649,221,166,75,108,30,95,44,32,107,,0
왼손은 거들 뿐,2023,12,596,2483,1746,1090,766,292,196,320,41,0,0,4,,0
이거 보세요오,2023,11,1898,1158,3492,2122,1525,1020,1091,552,575,484,494,330,,1
바부바부바부바부,2023,8,989,1016,338,250,126,105,112,184,27,134,49,12,,0
저쪽 집이 무너졌다고 해서 구경하러 갔죠,2023,7,102,171,374,89,51,32,21,9,17,0,12,9,,0
홍박사님을 아세요,2023,10,7829,5809,2349,1239,1035,525,615,131,114,35,12,0,,0
그 긴거,2023,6,2568,2983,2346,3191,2757,3222,4711,2844,1937,251,203,234,,1
꽃 향기만 남기고 갔단다,2023,6,63,22,26,40,35,32,37,20,24,13,77,16,,0
나거한,2023,2,1584,687,444,346,362,96,111,115,43,132,41,83,,0
너 내 도도독,2023,12,372,619,351,64,35,61,13,12,0,0,4,5,,0
넘어갈게요,2023,9,10688,5187,2087,941,370,196,188,62,44,28,27,13,,0
놀라울 만큼 그 누구도 관심을 주지 않았다.,2023,9,849,410,1863,967,565,609,264,330,96,19,20,18,,0
당신도 나락에 갈 수 있다.,2023,8,55,79,84,57,101,64,75,93,94,54,42,38,,0
빵빵아 옥지얌,2023,11,162,231,218,113,209,180,212,147,149,156,222,252,,0
사실 어그로 맞음,2023,11,561,282,264,129,81,67,103,52,61,85,130,119,,0
00이 맛있고 00이 친절해요,2023,12,6175,17485,12327,2538,1142,630,123,87,73,6,4,33,,0
순살아파트,2023,8,42,89,36,20,11,15,0,3,0,4,14,0,,0
아아 공습경보,2023,8,853,299,320,203,103,70,122,112,81,26,24,158,,0
지평좌표계,2023,3,68,102,61,69,70,56,42,62,27,34,60,46,,0
에헤이 조졌네 이거,2023,5,2863,3321,8328,3087,4883,1163,31,63,41,29,20,7,,0
원종단,2023,6,18,36,22,16,15,16,20,17,18,29,28,18,,0
이건 마지막 경고요,2023,10,43,26,38,37,30,35,28,42,29,18,36,20,,0
이게 노터치야,2023,6,294,306,555,223,114,54,28,7,16,3,14,5,,0
딸깍,2023,7,27861,15901,38386,24171,19907,21852,18731,11670,17896,11334,18566,14351,,1
이제는 더 이상 물러날 곳이 없다,2023,4,2204,1276,615,317,179,157,156,35,15,0,0,0,,0
인터넷 야메로,2023,5,529,774,904,509,261,139,114,26,11,0,0,0,,0
기습시위,2023,12,7934,3783,2232,1354,540,242,317,73,24,0,0,0,,0
잼버리,2023,7,2680,2212,5695,5708,2155,2101,52,58,76,46,55,184,,0
"제기랄, 또 00야",2023,2,5682,5474,4293,2853,1860,1403,1268,975,1155,1121,898,944,,1
취재가 시작되자,2023,3,157,246,90,40,31,13,5,3,7,0,0,2,,0
폼 미쳤다,2023,9,56620,38356,30680,28450,41424,41366,44481,35795,40264,38324,49742,70606,,1
할 말이 없네,2023,5,505,399,618,650,858,1346,273,1290,1335,1608,1018,209,,1
휘슬,2023,2,52,26,119,58,30,17,13,11,15,0,0,8,,0
WWE,2023,11,6864,4052,15638,6241,8105,3198,126,139,38,66,65,8,,0
00는 이 일을 기억할 것입니다.,2023,4,3740,15072,10022,4297,4362,1501,94,91,83,24,17,5,,0
00의 봄,2023,11,2413,5941,4359,1842,663,643,259,65,84,50,66,18,,0
00가 되어줘,2023,6,294,162,65,67,22,16,14,24,4,2,0,0,,0
말아주다,2023,5,7393,18573,8470,22986,17079,12951,18972,15971,7985,10516,9300,8792,,1
할매니얼,2021,4,1595,3590,4916,3105,1387,684,359,155,74,30,14,5,,0
비질게,2023,4,1150,1630,5287,2165,1526,430,571,154,69,28,14,5,,0
넵병,2023,6,1056,4394,1956,1486,442,295,185,141,78,42,43,9,,0
증발물,2022,4,5530,4517,1424,580,446,126,83,33,13,11,3,2,,0
억텐,2021,4,3050,3778,6244,4968,3598,3069,3552,2197,2169,1478,2237,1183,,1
00해주면 조켄네,2024,8,1015,1972,1241,709,327,158,109,71,40,22,12,5,,0
그런 날 있잖아,2023,7,10095,11006,16960,5335,2041,1413,610,275,741,28,19,6,,0
달란트,2023,12,48,37,41,52,52,44,45,36,48,34,32,39,,0
왕위계승,2022,10,3433,7245,4375,4739,2580,4150,5663,5708,4963,3465,4039,4283,,1
운있풍있,2024,11,93,104,110,102,118,110,104,111,96,86,107,111,,0
네카라쿠배,2021,4,11837,13396,14159,18836,9800,11200,10393,13280,10835,13127,14186,14070,,1
드래용,2024,1,110,121,123,138,135,138,100,121,99,104,118,113,,0
미라클 모닝,2025,3,5849,7064,6935,7967,17336,8317,6236,9091,10605,8448,9853,7949,,1
고능하다,2024,3,144,135,64,55,29,25,10,6,5,3,0,1,,0
너무 무서워,2025,2,1154,630,301,244,167,76,41,27,11,7,5,2,,0
먹BREAD,2023,2,8496,5115,2084,1090,473,211,127,42,26,14,9,4,,0
쌈@뽕하다,2024,3,2686,5571,2013,1644,1560,2069,229,7489,6880,3227,1522,2281,,1
스껄,2022,9,29054,15661,29476,39602,57285,35058,40118,142,29282,23722,19431,20064,,1
월루,2021,7,24662,18391,33151,19375,12973,14046,24962,17421,20038,17603,17702,11097,,1
나 안아,2024,10,12883,8830,19709,16554,10869,8913,8890,7377,6160,4373,4418,3844,,1
박이박이차돌박이 신기방기뽕뽕방기,2022,1,5174,8403,4055,2921,993,348,184,118,71,33,13,6,,0
반모,2021,3,115,110,119,115,122,236,113,77,80,82,104,82,,0
휀걸,2023,12,46,46,48,37,44,42,46,32,60,42,31,45,,0
문제가 될까요?,2024,7,2894,8451,3173,1102,634,389,124,87,29,14,9,4,,0
돈쭐,2021,5,1311,1530,1391,1748,3160,2510,3419,3926,5482,5500,3270,3031,,1
잼얘,2023,6,3373,3166,4372,2414,2238,1623,155,1246,1013,1098,846,842,,1
츄베릅,2023,10,194,267,562,639,1534,2428,187,3029,2258,169,2429,133,,1
00 감성 모르면 나가,2024,3,309,264,461,608,1202,1747,226,1406,178,1770,2366,2068,,1
아할,2023,4,2723,12722,3104,2099,2648,3008,3024,8353,6536,1631,2414,3184,,1
크보,2025,3,7214,4477,16344,11639,8633,6480,5302,4045,4039,2839,3021,2207,,1
선학개미,2022,3,31,33,23,23,28,32,20,26,18,22,21,22,,0
꾸안꾸,2021,12,9719,9764,27321,11246,8471,12599,7115,8971,22911,6012,8275,9700,,1
어머님 00가 너무 잘해요,2024,8,7687,3076,1757,548,410,145,371,51,24,7,0,0,,0
외계인 침공 시 00한 사람이 먼저 잡아먹힌다.,2024,6,484,376,481,473,480,687,143,812,636,944,762,717,,1
블챌,2022,6,1254,2041,2312,2760,4093,7125,72,5987,6622,280,8449,8579,,1
환승연애 이딴 거 안 나왔어,2023,12,2413,8037,4997,1730,910,455,238,471,42,28,14,8,,0
자강두천,2021,6,6454,7036,5560,7257,11911,5850,6613,5796,7062,4848,5941,8789,,1
사랑핵,2023,6,292,257,146,109,57,34,16,13,7,0,4,2,,0
킵고잉,2024,3,4633,4082,6563,5170,2899,3105,2646,51,1101,1411,199,694,,1
웃수저,2022,2,1696,1875,1939,3861,5313,6381,7798,8141,77,9825,9065,8324,,1
술의눈 백 개 마셨다,2023,10,10002,2898,1613,1396,331,223,85,42,17,15,3,3,,0
중꺾마,2022,12,16241,15532,11627,45519,46151,31437,38179,25772,23723,18547,22613,19711,,1
느좋,2024,8,37334,57792,59435,33185,30983,31627,28008,268,21776,20527,16806,13064,,1
목젖 6부 능선,2023,2,10968,18800,5823,2639,938,465,245,70,17,11,4,0,,0
깔끼하네,2024,1,461,566,606,764,1064,1236,1214,1734,1703,259,2215,2101,,1
사건이다,2024,3,241,284,144,98,76,41,29,18,13,7,4,2,,0
근데! 하지만! 그러나! But! However! Nevertheless!,2022,8,12180,31252,8369,1731,1345,512,308,460,38,27,12,2,,0
00하는 나 제법 젠틀해요,2021,7,697,907,420,313,165,79,64,40,20,15,7,0,,0
힝구리퐁퐁,2022,4,55,52,52,36,65,36,48,36,52,37,48,23,,0
웃안웃,2022,1,7104,3657,1690,744,281,167,108,310,22,8,4,3,,0
쪄죽따,2022,7,3354,3282,10765,4324,1599,377,381,162,45,17,13,5,,0
ㄴㅇㄱ,2021,5,3641,14460,2779,3751,2137,2282,3837,80,6752,3380,5471,2604,,1
나만의 블랙스완,2024,8,22057,7261,4076,1001,415,193,114,41,19,8,2,1,,0
하이브리드 고백,2023,10,17596,11252,3553,1703,655,223,138,28,15,6,3,0,,0
기분이다,2024,4,207,411,299,160,135,82,62,39,14,9,5,0,,0
황밸,2022,5,2481,14720,1853,1711,2507,1543,75,282,3828,1330,1997,2280,,1
개구리화 현상,2023,6,158,136,139,137,144,139,137,148,120,151,123,160,,0
식물확대범,2022,4,132,351,392,184,149,81,43,21,25,12,6,4,,0
하남자,2022,7,11256,10335,14159,10082,15959,10962,11858,12843,9827,10134,14580,15911,,1
라할살,2021,4,2133,2826,1718,1417,479,362,135,130,285,69,44,44,,0
전업자녀,2023,8,981,1309,1580,1759,1986,3554,3628,3664,3623,4584,4595,166,,1
가슴에 국밥 쏟음,2024,11,53,32,53,33,36,27,33,37,40,39,40,34,,0
민초단,2021,4,10692,30609,15361,17925,9948,16500,11169,13515,13823,17095,19788,18018,,1
돔황차,2021,6,2476,9281,6796,5249,5244,5356,2724,2594,2031,2412,2091,1939,,1
질누하,2023,6,136,150,83,53,35,23,21,11,5,0,2,0,,0
빌려온 고양이 같이,2025,1,3054,3284,1674,725,372,177,115,51,22,9,6,0,,0
도달가능미,2024,5,60,48,58,66,47,48,58,46,44,63,45,35,,0
용두사망,2022,12,4764,6241,3037,1007,660,329,127,83,40,14,7,3,,0
맵치광이,2022,12,3422,4066,1986,610,422,285,105,65,32,12,8,3,,0
깐부,2021,9,4823,7105,6130,36555,5260,7398,9947,42972,6743,8091,6375,7964,,1
푸데푸데,2024,12,3875,5724,22221,5851,1780,1584,609,300,114,37,18,5,,0
나잇값 하라구요? 싫어용.,2025,3,6615,10137,2796,1933,1009,481,215,87,34,29,10,9,,0
다들 00 하길래,2024,3,3084,1056,4263,1635,995,246,244,110,49,17,8,3,,0
식집사,2022,3,3210,11929,2991,2425,4156,2938,4830,10322,8808,2217,3220,2639,,1
솜넣이 필요해,2023,1,102,135,126,112,132,94,98,113,108,119,118,102,,0
런치플레이션,2022,6,4281,1864,1075,521,239,107,426,27,0,6,2,1,,0
무물,2021,4,7080,17028,13738,11932,12527,7626,6985,6163,4304,3660,3168,2973,,1
처돌이,2021,7,16899,13416,14132,13543,11527,26947,12040,11133,10213,12534,10943,12150,,1
웅니웅빠,2022,4,77,75,96,90,148,88,80,64,61,67,82,79,,0
야수의 심장,2021,5,2027,7992,3261,1347,2689,2810,2294,5929,4392,1606,2891,1827,,1
추구미,2023,5,2190,7036,4947,3606,3620,1990,2342,1372,1385,844,1027,1491,,1
듀아아아,2025,1,22,18,16,18,14,20,19,16,12,9,14,21,,0
반박 시 니 말이 맞음,2021,9,9194,15518,5940,9474,8687,6144,6511,5460,5288,6584,9090,9146,,1
읏쇼 읏쇼,2024,12,1641,1915,3209,1975,750,543,376,145,120,64,52,49,,0
너 뭐 돼?,2022,3,19497,28306,28214,39148,23144,34646,24633,172,23890,17700,12080,11607,,1
엥 감전당했나,2023,9,567,1180,1640,844,456,214,179,103,78,62,43,15,,0
점메추,2021,4,8101,9879,8510,17786,10501,9596,10442,10174,10036,6668,10084,15803,,1
복복복,2023,5,1103,2986,4003,1077,740,458,251,58,42,24,8,0,,0
갓생,2021,7,17451,16540,29635,11309,18495,16519,11282,13554,15929,13490,18221,20089,,1
밈첩하다,2023,1,322,298,377,346,411,472,94,584,530,113,680,537,,1
떨렌다,2023,8,786,1745,2729,1912,1172,898,107,938,365,640,1046,527,,1
카우룽 카우룽,2024,11,8296,5770,12028,4092,1239,747,386,107,58,17,8,3,,0
촌캉스,2023,3,2403,5170,9490,4767,4903,3982,3179,3634,2441,2408,1893,2402,,1
차카니 몇 개를 먹은 거람,2024,9,3657,13113,3292,2353,772,434,138,68,239,0,5,3,,0
닝바닝,2022,12,77,73,88,94,69,56,72,68,50,61,53,77,,0
빵빠레 불면서 시작,2023,10,1256,1213,2548,1781,840,450,311,151,99,56,44,29,,0
공능제,2021,4,38,42,31,43,44,33,31,39,44,23,24,40,,0
분좋카,2022,9,1661,2023,6262,3653,1557,673,475,143,102,27,20,12,,0
"이건안, 이지에",2023,12,10452,3347,2028,874,464,303,97,306,34,14,7,3,,0
진순파,2022,10,342,540,516,198,159,94,74,29,13,13,6,5,,0
그르륵 갉,2023,8,6664,3876,1042,610,284,123,66,32,246,8,6,2,,0
엉엉슨,2024,11,1292,1054,402,331,107,77,69,23,22,12,0,0,,0
행집욕부,2024,7,77,76,66,55,60,61,125,53,61,51,60,57,,0
우내할,2023,3,113,115,92,104,107,93,100,102,100,106,105,105,,0
북부대공,2025,3,73,45,67,64,53,79,50,32,50,51,55,45,,0
쫌쫌따리,2021,7,54,66,54,49,65,50,38,35,58,51,42,47,,0
꾸웨액,2023,1,83,108,124,111,106,70,100,63,75,75,94,102,,0
업토버,2021,10,50,63,63,74,71,68,64,57,46,63,49,64,,0
디지털 페지 줍기,2022,9,34,42,36,46,47,36,39,35,35,33,20,37,,0
헉스베리,2023,7,353,405,157,129,77,41,26,20,10,8,6,2,,0
거지발싸개요일,2022,5,57,59,32,49,32,31,29,35,36,33,29,51,,0
어서오고,2021,5,1004,967,1455,2077,2878,3418,3620,3390,2570,3121,5053,4156,,1
순욱당했네,2019,4,27,36,46,39,26,40,36,34,40,30,31,28,,0
쉽지 않음,2020,7,6193,36412,5623,3983,5614,5449,4619,169,4906,26123,3463,3770,,1
이걸 실시간으로 보다니,2018,8,310,312,306,224,107,63,35,26,16,11,6,3,,0
라는 내용의 애니 없냐,2018,9,443,548,491,719,1009,858,988,149,196,1342,863,1197,,1
경찰서 정모,2021,6,357,757,434,165,118,76,44,35,12,8,4,0,,0
리얼,2020,3,13084,8624,10883,25301,10313,12375,13695,15830,10670,11772,13392,8254,,1
마렵다,2018,5,11959,9883,33211,25728,23526,16429,14801,14598,14547,11077,10088,10018,,1
반오십,2021,2,2873,8037,3465,3503,3796,3886,2338,5075,5427,3046,2554,2489,,1
소식좌,2022,8,1041,837,548,234,194,65,55,33,11,8,6,0,,0
신의 한 수,2023,1,8155,8916,22584,10608,10373,7661,5200,10928,7273,22500,9125,9857,,1
싱크로율,2020,5,405,630,550,1004,1743,2226,170,176,2884,2764,2644,181,,1
쿨내,2021,8,19249,37876,20811,17397,25774,19315,17745,18341,19592,19570,9503,12559,,1
오또케,2020,12,27429,58419,48566,41359,32571,30636,23374,23384,20427,17041,16526,11970,,1
홈로윈,2021,10,4122,2486,6526,3540,2619,3437,3017,1740,1652,1037,246,176,,1
유앤케이,2024,2,180,204,140,79,50,27,28,10,7,3,4,2,,0
코리안 아이스드 커피,2021,9,60,80,54,68,78,48,57,67,49,68,45,58,,0
을지로입구 99번출구,2021,10,19,16,16,14,14,14,15,15,15,11,14,10,,0
티모시 샬라메 살라메,2024,2,6832,3533,1130,963,442,150,348,34,22,0,0,2,,0
BORG,2023,5,9981,21882,3687,1810,1052,462,114,57,25,13,5,2,,0
헤어지자고? 너 누군데,2024,8,15595,23485,10501,2973,1381,608,305,467,50,17,0,0,,0
경관의 피,2022,1,80,57,66,90,81,49,59,66,79,47,51,79,,0
살구명장,2024,6,7427,3375,1391,633,178,108,38,14,0,2,2,1,,0
상치,2021,9,79,107,99,87,87,89,98,100,73,92,66,68,,0
원도우 펀치맨,2023,8,134,402,207,82,71,41,25,15,13,0,0,3,,0
김땅콩,2024,11,61,54,33,35,41,42,37,29,29,48,45,40,,0
공범,2021,10,166,448,552,261,158,97,52,55,28,13,9,7,,0
탕탕 후루후루,2024,5,1205,1143,1345,2104,2657,3488,4242,3794,220,185,3817,4717,,1
저속노화,2025,1,8015,7159,12453,11765,9454,5396,6362,3116,207,2667,1820,1845,,1
PPAP,2021,10,14694,20055,15973,10747,42346,14521,19367,22112,16366,15226,22442,14488,,1
공주의 규칙,2025,2,2390,5917,2104,791,481,274,139,47,36,14,0,3,,0
에그워드리,2024,12,2307,2435,3311,3059,2016,1199,1129,1038,217,623,221,776,,1
뉴런 공유,2023,5,81,83,110,79,84,94,81,65,75,57,81,85,,0
움파룸파 둠파티두,2024,2,1204,705,2925,2491,810,376,147,223,28,30,8,4,,0
자라나라 트리트리,2023,11,52,43,53,49,61,46,52,36,43,43,46,39,,0
로버트는 얼마나 좋았을까?,2023,8,4347,1868,827,417,308,76,47,22,10,6,3,2,,0
너와의 모든 지금,2024,11,5060,4185,8261,2801,1838,829,478,174,87,64,19,14,,0
안익었는데진짜,2023,3,15588,4986,1653,668,425,119,58,24,12,4,1,1,,0
내 트리를 꾸며줘!,2021,12,481,1599,1037,639,368,226,337,109,52,55,42,13,,0
베리 드뮤어,2024,9,11425,6084,16318,7121,2783,1107,406,191,333,26,11,7,,0
예민하네 화났네,2021,9,289,284,448,743,1519,2389,1883,1916,144,1927,2329,2369,,1
풍향고,2024,11,1234,4183,1783,539,235,187,135,51,25,246,4,2,,0
땡큐 카테키,2025,3,1362,3875,1906,1424,538,473,206,167,66,43,27,17,,0
BENJAMIN'S DELI,2023,11,128,165,143,181,155,126,135,126,136,116,120,153,,0
모스부호,2023,9,138,103,219,138,90,78,79,87,87,85,102,105,,0
튀르키예즈 온 더 블럭,2022,6,59,77,46,50,56,47,95,73,60,73,45,45,,0
쩝쩝박사,2021,4,9502,7495,7871,28477,6786,7702,9655,41140,10816,10196,6802,6308,,1
굳이데이,2023,6,882,623,1451,507,337,255,205,65,78,37,57,38,,0
댄스챌린짐,2024,5,2559,10880,1924,3314,3118,2859,55,7820,6242,2801,2873,2500,,1
체리피스,2022,10,6738,18531,8986,3407,911,446,350,89,27,16,4,3,,0
별꾸,2024,6,58,78,66,83,50,57,58,67,54,52,59,62,,0
젤다 휴가,2023,5,349,369,622,285,189,105,96,49,30,19,10,6,,0
스웨덴 게이트,2022,6,3651,9673,3290,1998,715,476,159,68,39,152,9,5,,0
솔숲 끝으로 해맑은 햇살이 찾아오고,2025,4,5309,9005,4462,1825,771,389,202,74,57,20,8,4,,0
쇠일러문,2024,5,1168,1142,871,502,186,138,109,58,27,54,48,12,,0
머니딛,2022,11,187,340,499,223,159,113,69,34,26,19,13,0,,0
무도일력,2024,12,106,124,182,160,113,140,133,117,103,95,115,132,,0
춘식이,2021,8,5174,5276,21535,4955,4573,5454,27419,4419,5909,5274,3570,3647,,1
텍스트힙,2024,10,8898,16741,4749,1939,578,371,162,82,30,12,5,2,,0
조쉬 허쳐슨 밈,2023,11,2750,10444,2593,1269,768,141,85,29,13,4,3,1,,0
렛미두잇뽈유,2023,2,4006,3876,8748,4325,1909,616,432,244,80,28,24,11,,0
후드에서 살아남기,2022,10,2815,5434,1850,2250,1664,2606,142,108,3912,1880,2168,1272,,1
옛메,2024,1,50,47,48,34,40,33,34,22,51,43,42,27,,0
잘파세대,2023,3,60,70,58,74,72,58,63,57,52,165,58,59,,0
익속,2025,3,41,68,53,54,50,42,42,52,48,55,51,42,,0
드라우닝,2024,10,447,337,483,461,429,602,144,232,726,850,878,818,,1
쉿재용,2023,12,50,46,61,65,39,48,72,32,43,45,56,37,,0
총켓몬,2024,1,626,816,609,245,158,100,49,46,20,9,7,3,,0
방방컨,2022,8,51,37,45,59,36,48,47,43,35,24,41,30,,0
조나단 밀크티,2021,12,73,116,89,91,109,70,91,82,87,78,81,78,,0
지우학,2022,2,8298,14844,33142,9378,6314,1599,721,197,164,75,15,5,,0
공주들은 원래 그래,2024,12,117,107,130,129,140,130,144,107,96,108,97,103,,0
숲튽훈,2023,11,1010,1268,1601,2256,2141,2663,183,114,3424,3163,3287,2554,,1
지글지글,2022,6,35,42,30,45,36,37,44,39,22,28,34,30,,0
ONION 하세요,2023,12,23,20,39,28,28,23,25,23,30,23,18,27,,0
돌탁댄스,2023,6,1151,1382,1714,1175,383,265,215,97,71,34,21,10,,0
그대들은 어떻게 살 것인가,2023,10,5653,18754,20688,9610,2487,1383,614,410,146,32,24,12,,0
시발 카드,2021,9,9509,4520,2576,1262,344,217,112,33,246,15,6,2,,0
나 아는사람 강다니엘 닮은 이모가 다시보게되는게 다시 그때처럼 안닮게 엄마보면 느껴지는걸수도 있는거임?,2018,1,231,233,112,43,12,35,44,19,6,0,1,0,,0
오스틴입니다,2019,9,2642,16849,2751,2259,1892,2941,1856,88,7837,2785,2359,3237,,1
자세히 보기를 누르지 마십시오,2019,3,5097,7304,2620,1772,941,318,214,61,55,22,8,5,,0
세이브 조작단,2021,10,103,145,120,110,107,98,103,92,76,84,94,123,,0
삐끼삐끼,2024,7,13534,21167,30643,37408,33565,32048,22522,26931,17588,16662,19594,13135,,1
